id,degree_type,degree,edu_start,start_month,start_day,edu_end,end_month,end_day
1,Bachelor's Degree,BSc Engineering,2001,1,24,2005,5,14
1,Masters's Degree,Master of Science,2005,8,24,2007,5,24
2,Bachelor's Degree,Bachelor of Technology,1998,8,13,2002,7,11
3,Bachelor's Degree,Bachelor of Technology,1999,9,2,2002,7,16
4,Bachelor's Degree,Bachelor of Technology,2006,9,14,2009,12,8
4,PhD Degree,Doctor of Philosophy PhD,2012,2,6,2017,12,18
5,Bachelor's Degree,BSc Engineering,2007,1,19,2011,7,8
6,Bachelor's Degree,BSc Engineering,1999,1,20,2003,12,13
7,Bachelor's Degree,Bachelor of Science,1995,1,12,1999,5,11
8,Bachelor's Degree,Bachelor of Arts,1996,8,16,1999,12,15
9,Bachelor's Degree,Bachelor of Arts,2013,8,1,2016,12,18
9,Masters's Degree,Master of Business Administration,2017,8,22,2018,12,1
10,Bachelor's Degree,Bachelor of Science,2012,8,10,2015,5,17
11,Bachelor's Degree,BSc Engineering,1985,8,6,1989,12,11
12,Bachelor's Degree,BSc Engineering,1983,8,20,1986,5,10
13,Bachelor's Degree,Bachelor of Arts,1996,1,4,2000,12,12
14,Bachelor's Degree,Bachelor of Science,2012,1,22,2016,7,20
15,Bachelor's Degree,Bachelor of Technology,1993,8,25,1997,7,18
15,Masters's Degree,Master of Philosphy,1997,8,10,1999,7,25
15,PhD Degree,Doctor of Philosophy PhD,1999,8,24,2003,7,11
16,Bachelor's Degree,Bachelor of Technology,2010,8,24,2013,5,8
17,Bachelor's Degree,BSc Engineering,2010,1,26,2014,5,7
17,Masters's Degree,Master of Science,2014,8,23,2016,5,26
18,Bachelor's Degree,BSc Engineering,1998,1,20,2002,12,19
19,Bachelor's Degree,BSc Engineering,2009,1,20,2013,5,8
19,Masters's Degree,Master of Business Administration,2013,8,21,2014,5,20
20,Bachelor's Degree,Bachelor of Arts,2005,8,27,2009,12,8
21,Bachelor's Degree,BSc Engineering,1993,8,23,1996,4,11
22,Bachelor's Degree,Bachelor of Technology,1989,1,9,1993,7,9
23,Bachelor's Degree,Bachelor of Arts,1984,9,27,1987,12,13
24,Bachelor's Degree,Bachelor of Arts,2011,8,3,2015,12,15
25,Bachelor's Degree,Bachelor of Science,1992,1,20,1996,12,11
26,Bachelor's Degree,Bachelor of Science,1992,2,5,1997,12,15
27,Bachelor's Degree,Bachelor of Arts,1996,1,7,2000,12,7
27,Masters's Degree,Master of Science,2001,1,19,2003,12,7
28,Bachelor's Degree,Bachelor of Arts,1993,1,12,1997,12,16
29,Bachelor's Degree,BSc Engineering,1989,1,22,1993,12,12
30,Bachelor's Degree,BSc Engineering,2004,1,6,2008,4,20
31,Bachelor's Degree,Bachelor of Science,1994,8,26,1997,4,20
32,Bachelor's Degree,Bachelor of Science,2003,1,23,2007,12,15
32,Masters's Degree,Master of Science,2008,1,14,2010,12,23
33,Bachelor's Degree,BSc Engineering,2004,8,26,2007,12,12
33,Masters's Degree,Master of Philosphy,2008,8,22,2009,12,26
34,Bachelor's Degree,BSc Engineering,2004,2,11,2008,12,17
35,Bachelor's Degree,Bachelor of Technology,1983,9,6,1986,12,9
36,Bachelor's Degree,Bachelor of Arts,1982,1,26,1986,12,12
36,Masters's Degree,Master of Science,1987,1,8,1989,12,26
37,Bachelor's Degree,Bachelor of Technology,2010,2,9,2014,12,12
37,Masters's Degree,Master of Science,2015,2,8,2017,12,9
38,Bachelor's Degree,Bachelor of Technology,1993,2,13,1997,5,10
38,PhD Degree,PhD,1998,2,13,2003,12,19
39,Bachelor's Degree,Bachelor of Technology,2009,8,24,2012,12,13
40,Bachelor's Degree,BSc Engineering,2000,2,20,2004,12,19
41,Bachelor's Degree,Bachelor of Arts,2002,1,20,2006,5,20
42,Bachelor's Degree,Bachelor of Technology,2007,9,27,2010,12,14
43,Bachelor's Degree,BSc Engineering,1992,8,21,1996,12,17
43,PhD Degree,Doctor of Philosophy PhD,1997,8,21,2001,12,15
44,Bachelor's Degree,BSc Engineering,2010,1,24,2014,7,11
44,Masters's Degree,Master of Science,2014,8,12,2016,7,24
45,Bachelor's Degree,Bachelor of Science,1984,9,17,1987,12,7
46,Bachelor's Degree,BSc Engineering,1984,9,17,1987,12,16
47,Bachelor's Degree,Bachelor of Technology,1994,8,17,1997,12,16
47,Masters's Degree,Master of Science,1998,8,25,2000,12,17
48,Bachelor's Degree,Bachelor of Technology,1989,9,13,1992,4,14
48,Masters's Degree,Master of Science,1992,8,8,1994,4,13
49,Bachelor's Degree,Bachelor of Arts,2008,8,20,2012,5,16
50,Bachelor's Degree,BSc Engineering,2005,2,1,2010,12,15
51,Bachelor's Degree,Bachelor of Arts,1990,1,28,1994,7,8
52,Bachelor's Degree,Bachelor of Arts,1982,9,8,1985,7,7
52,Masters's Degree,Master of Philosphy,1985,8,6,1987,7,8
53,Bachelor's Degree,BSc Engineering,2010,8,3,2014,7,13
53,Masters's Degree,Master of Philosphy,2014,8,16,2016,7,3
54,Bachelor's Degree,Bachelor of Technology,1986,8,21,1990,12,15
54,Masters's Degree,Master of Science,1991,8,10,1992,12,21
55,Bachelor's Degree,Bachelor of Arts,1988,1,23,1992,4,20
56,Bachelor's Degree,Bachelor of Science,2000,9,11,2003,12,14
56,PhD Degree,Doctor of Business Administration,2004,1,11,2008,4,9
57,Bachelor's Degree,BSc Engineering,2002,1,2,2006,12,15
57,Masters's Degree,Master of Science,2007,1,27,2009,12,2
58,Bachelor's Degree,Bachelor of Technology,1989,9,19,1992,5,18
59,Bachelor's Degree,Bachelor of Science,1988,8,11,1992,5,8
60,Bachelor's Degree,BSc Engineering,1993,1,10,1997,12,7
60,Masters's Degree,Master of Business Administration,1998,1,15,1999,12,10
61,Bachelor's Degree,Bachelor of Science,1996,8,17,1999,5,9
61,Masters's Degree,Master of Science,1999,8,23,2001,5,17
62,Bachelor's Degree,Bachelor of Arts,1993,1,11,1997,12,15
63,Bachelor's Degree,Bachelor of Technology,1994,9,15,1997,5,20
64,Bachelor's Degree,Bachelor of Arts,2005,1,12,2009,12,11
65,Bachelor's Degree,Bachelor of Science,1991,1,7,1995,12,16
66,Bachelor's Degree,Bachelor of Arts,1998,8,18,2002,5,16
66,Masters's Degree,Master of Science,2002,8,9,2004,5,18
67,Bachelor's Degree,Bachelor of Arts,2002,5,27,2009,12,9
67,Masters's Degree,Master of Science,2010,5,18,2012,12,27
68,Bachelor's Degree,Bachelor of Arts,2005,2,16,2009,12,12
69,Bachelor's Degree,Bachelor of Science,1983,9,14,1986,12,20
70,Bachelor's Degree,Bachelor of Science,1990,8,21,1993,12,14
71,Bachelor's Degree,BSc Engineering,1992,1,26,1996,12,11
72,Bachelor's Degree,Bachelor of Technology,1983,1,6,1987,12,15
73,Bachelor's Degree,BSc Engineering,1994,8,28,1998,5,19
74,Bachelor's Degree,Bachelor of Science,2000,1,26,2004,5,8
75,Bachelor's Degree,Bachelor of Arts,2002,2,14,2007,5,10
75,Masters's Degree,Master of Business Administration,2007,8,27,2009,5,14
76,Bachelor's Degree,Bachelor of Science,1988,8,21,1992,4,15
76,Masters's Degree,Master of Science,1992,8,7,1994,4,21
76,PhD Degree,Doctor of Business Administration,1996,2,12,2001,12,19
77,Bachelor's Degree,Bachelor of Technology,1995,9,19,1998,5,15
78,Bachelor's Degree,Bachelor of Technology,1992,5,1,1999,5,19
79,Bachelor's Degree,Bachelor of Science,2010,1,13,2014,12,18
80,Bachelor's Degree,BSc Engineering,2004,1,4,2008,4,9
80,Masters's Degree,Master of Philosphy,2008,8,2,2010,4,4
81,Bachelor's Degree,Bachelor of Arts,1988,8,21,1992,5,10
82,Bachelor's Degree,BSc Engineering,1995,8,6,1998,5,15
82,PhD Degree,Doctor of Business Administration,1999,1,10,2004,12,17
83,Bachelor's Degree,Bachelor of Arts,2001,5,19,2008,7,9
83,Masters's Degree,Master of Philosphy,2008,8,2,2010,7,19
83,PhD Degree,PhD,2012,8,5,2016,12,13
84,Bachelor's Degree,Bachelor of Technology,2000,2,12,2005,12,7
85,Bachelor's Degree,Bachelor of Science,2014,8,8,2017,12,16
86,Bachelor's Degree,Bachelor of Arts,1986,8,23,1990,12,10
86,Masters's Degree,Master of Philosphy,1991,8,28,1992,12,23
87,Bachelor's Degree,BSc Engineering,2003,8,11,2006,7,17
87,Masters's Degree,Master of Science,2006,8,4,2007,7,11
88,Bachelor's Degree,BSc Engineering,2004,8,25,2008,4,18
89,Bachelor's Degree,Bachelor of Science,2007,1,14,2011,5,15
90,Bachelor's Degree,Bachelor of Science,1982,2,6,1986,12,14
91,Bachelor's Degree,Bachelor of Science,1992,1,27,1996,12,8
92,Bachelor's Degree,Bachelor of Technology,2008,1,16,2012,5,12
92,PhD Degree,PhD,2014,2,3,2018,12,9
93,Bachelor's Degree,BSc Engineering,1986,9,6,1989,7,15
94,Bachelor's Degree,Bachelor of Technology,2007,8,19,2010,12,10
95,Bachelor's Degree,Bachelor of Technology,2003,9,2,2006,12,19
95,Masters's Degree,Master of Business Administration,2007,9,8,2009,12,2
96,Bachelor's Degree,Bachelor of Arts,1995,2,24,2000,12,13
96,Masters's Degree,Master of Science,2001,2,5,2002,12,24
97,Bachelor's Degree,BSc Engineering,2006,1,5,2010,4,15
98,Bachelor's Degree,Bachelor of Arts,1992,1,23,1996,5,15
98,Masters's Degree,Master of Business Administration,1996,8,5,1998,5,23
99,Bachelor's Degree,Bachelor of Technology,1990,1,5,1994,7,9
99,Masters's Degree,Master of Science,1994,8,6,1997,7,5
100,Bachelor's Degree,Bachelor of Science,1981,1,7,1985,12,20
101,Bachelor's Degree,Bachelor of Arts,1986,8,26,1989,5,17
102,Bachelor's Degree,BSc Engineering,2001,2,15,2005,12,15
102,Masters's Degree,Master of Philosphy,2006,2,4,2007,12,15
103,Bachelor's Degree,Bachelor of Science,1988,8,21,1991,5,11
104,Bachelor's Degree,Bachelor of Technology,2008,8,1,2012,12,7
105,Bachelor's Degree,Bachelor of Arts,1991,2,5,1995,4,13
106,Bachelor's Degree,Bachelor of Technology,1999,1,21,2003,12,12
107,Bachelor's Degree,BSc Engineering,1990,8,13,1994,12,9
108,Bachelor's Degree,Bachelor of Science,1993,2,12,1998,12,14
109,Bachelor's Degree,Bachelor of Science,1984,1,26,1988,12,11
109,Masters's Degree,Master of Business Administration,1989,1,12,1991,12,26
109,PhD Degree,Doctor of Business Administration,1992,8,8,1997,7,19
110,Bachelor's Degree,BSc Engineering,2000,2,21,2004,12,12
111,Bachelor's Degree,Bachelor of Arts,2003,1,2,2007,12,20
112,Bachelor's Degree,Bachelor of Arts,1992,1,4,1996,4,20
112,PhD Degree,Doctor of Business Administration,1999,9,28,2003,5,17
113,Bachelor's Degree,Bachelor of Arts,2002,8,14,2006,4,17
114,Bachelor's Degree,BSc Engineering,2007,1,21,2011,12,19
115,Bachelor's Degree,Bachelor of Arts,1985,1,13,1989,12,11
116,Bachelor's Degree,Bachelor of Science,2013,2,17,2017,12,11
117,Bachelor's Degree,BSc Engineering,2011,9,14,2014,5,8
118,Bachelor's Degree,Bachelor of Arts,2003,2,3,2008,5,13
119,Bachelor's Degree,Bachelor of Technology,1991,1,25,1995,12,15
120,Bachelor's Degree,Bachelor of Arts,1984,1,15,1988,7,9
121,Bachelor's Degree,Bachelor of Technology,2001,1,24,2005,5,16
121,Masters's Degree,Master of Science,2005,8,6,2008,5,24
122,Bachelor's Degree,Bachelor of Technology,1993,8,2,1996,12,18
123,Bachelor's Degree,Bachelor of Science,2009,2,16,2014,4,18
123,Masters's Degree,Master of Philosphy,2014,8,12,2015,4,16
124,Bachelor's Degree,BSc Engineering,1988,8,25,1991,12,16
124,Masters's Degree,Master of Philosphy,1992,8,9,1994,12,25
125,Bachelor's Degree,BSc Engineering,2007,8,10,2010,7,13
126,Bachelor's Degree,Bachelor of Technology,1995,1,23,1999,5,18
127,Bachelor's Degree,Bachelor of Technology,1985,1,13,1989,12,14
128,Bachelor's Degree,Bachelor of Arts,1985,1,23,1989,4,7
128,Masters's Degree,Master of Science,1989,8,16,1991,4,23
129,Bachelor's Degree,Bachelor of Arts,1989,8,27,1992,12,7
130,Bachelor's Degree,Bachelor of Science,1995,1,14,1999,12,16
130,Masters's Degree,Master of Philosphy,2000,1,13,2001,12,14
131,Bachelor's Degree,Bachelor of Arts,2002,1,28,2006,12,14
132,Bachelor's Degree,Bachelor of Technology,1999,2,14,2003,5,20
133,Bachelor's Degree,Bachelor of Science,1988,1,6,1992,12,12
134,Bachelor's Degree,BSc Engineering,2011,8,22,2015,12,16
135,Bachelor's Degree,Bachelor of Arts,1987,1,1,1991,5,13
135,Masters's Degree,Master of Science,1991,8,15,1993,5,1
135,PhD Degree,Doctor of Philosophy PhD,1996,8,14,2001,12,9
136,Bachelor's Degree,Bachelor of Science,2010,1,16,2014,5,19
137,Bachelor's Degree,Bachelor of Science,1999,9,18,2002,5,7
137,Masters's Degree,Master of Philosphy,2002,8,24,2004,5,18
138,Bachelor's Degree,Bachelor of Technology,1997,1,2,2001,4,15
139,Bachelor's Degree,Bachelor of Science,1988,8,25,1991,5,7
140,Bachelor's Degree,Bachelor of Science,2010,1,28,2014,4,8
140,Masters's Degree,Master of Science,2014,8,16,2017,4,28
141,Bachelor's Degree,BSc Engineering,2003,9,21,2006,12,20
141,Masters's Degree,Master of Philosphy,2007,9,8,2009,12,21
142,Bachelor's Degree,Bachelor of Technology,2009,1,4,2013,5,16
143,Bachelor's Degree,Bachelor of Science,2011,9,25,2014,12,8
144,Bachelor's Degree,Bachelor of Science,2012,8,16,2015,12,16
145,Bachelor's Degree,Bachelor of Arts,1998,2,28,2002,5,17
146,Bachelor's Degree,Bachelor of Arts,2000,2,5,2005,12,8
147,Bachelor's Degree,Bachelor of Science,1998,8,23,2001,4,9
148,Bachelor's Degree,Bachelor of Arts,2008,8,9,2012,5,11
149,Bachelor's Degree,BSc Engineering,1999,8,15,2002,5,8
149,Masters's Degree,Master of Science,2002,8,28,2005,5,15
150,Bachelor's Degree,BSc Engineering,2011,1,8,2015,12,8
151,Bachelor's Degree,BSc Engineering,2010,1,6,2014,12,9
152,Bachelor's Degree,Bachelor of Arts,1989,2,13,1993,12,16
153,Bachelor's Degree,Bachelor of Technology,2009,8,3,2013,5,11
154,Bachelor's Degree,Bachelor of Technology,1987,8,1,1990,5,18
154,Masters's Degree,Master of Philosphy,1990,8,10,1992,5,1
154,PhD Degree,Doctor of Philosophy PhD,1995,9,17,1999,5,20
155,Bachelor's Degree,Bachelor of Technology,1988,9,5,1991,5,19
156,Bachelor's Degree,Bachelor of Technology,1984,8,5,1988,5,12
157,Bachelor's Degree,Bachelor of Technology,2012,1,17,2016,12,19
158,Bachelor's Degree,BSc Engineering,2003,1,28,2007,7,17
159,Bachelor's Degree,Bachelor of Arts,1992,1,22,1996,12,8
159,Masters's Degree,Master of Science,1997,1,17,1999,12,22
160,Bachelor's Degree,Bachelor of Arts,1988,1,26,1992,5,14
161,Bachelor's Degree,Bachelor of Technology,2009,9,18,2012,7,16
161,Masters's Degree,Master of Philosphy,2012,8,11,2014,7,18
162,Bachelor's Degree,BSc Engineering,2011,2,16,2015,4,9
163,Bachelor's Degree,Bachelor of Arts,1994,8,13,1997,5,15
163,Masters's Degree,Master of Business Administration,1997,8,8,1999,5,13
164,Bachelor's Degree,Bachelor of Science,1996,1,2,2000,12,9
165,Bachelor's Degree,BSc Engineering,2005,8,16,2008,5,20
166,Bachelor's Degree,Bachelor of Technology,1987,1,13,1991,7,13
167,Bachelor's Degree,Bachelor of Arts,2006,2,9,2010,5,18
168,Bachelor's Degree,BSc Engineering,2012,1,10,2016,7,9
169,Bachelor's Degree,Bachelor of Technology,2001,8,27,2004,12,19
170,Bachelor's Degree,BSc Engineering,2004,9,9,2007,12,8
171,Bachelor's Degree,BSc Engineering,1997,9,15,2000,12,9
171,Masters's Degree,Master of Philosphy,2001,9,12,2003,12,15
172,Bachelor's Degree,BSc Engineering,1994,1,13,1998,12,15
173,Bachelor's Degree,Bachelor of Science,2008,8,20,2012,4,13
174,Bachelor's Degree,Bachelor of Technology,2005,1,19,2009,7,17
175,Bachelor's Degree,Bachelor of Technology,1992,8,2,1996,5,14
176,Bachelor's Degree,BSc Engineering,1987,9,9,1990,12,8
177,Bachelor's Degree,Bachelor of Science,1993,1,26,1997,7,9
178,Bachelor's Degree,BSc Engineering,1985,8,3,1988,5,17
179,Bachelor's Degree,Bachelor of Arts,1987,8,21,1990,4,11
179,Masters's Degree,Master of Business Administration,1990,8,19,1992,4,21
180,Bachelor's Degree,Bachelor of Arts,1989,1,22,1993,7,14
180,Masters's Degree,Master of Business Administration,1993,8,12,1994,7,22
181,Bachelor's Degree,Bachelor of Science,2010,8,11,2013,12,15
182,Bachelor's Degree,Bachelor of Science,1991,2,22,1996,5,12
182,Masters's Degree,Master of Science,1996,8,25,2000,5,22
183,Bachelor's Degree,Bachelor of Arts,1986,1,26,1990,5,16
184,Bachelor's Degree,Bachelor of Science,1988,8,19,1991,12,10
184,Masters's Degree,Master of Business Administration,1992,8,5,1994,12,19
185,Bachelor's Degree,BSc Engineering,2000,8,17,2004,5,10
186,Bachelor's Degree,BSc Engineering,2006,1,16,2010,5,12
186,Masters's Degree,Master of Science,2010,8,9,2012,5,16
187,Bachelor's Degree,Bachelor of Arts,2012,1,1,2016,5,20
187,Masters's Degree,Master of Science,2016,8,5,2017,5,1
188,Bachelor's Degree,Bachelor of Arts,1986,8,4,1990,7,11
189,Bachelor's Degree,Bachelor of Science,1987,1,16,1991,12,19
190,Bachelor's Degree,Bachelor of Science,1988,8,21,1992,4,7
191,Bachelor's Degree,BSc Engineering,2004,8,9,2007,5,8
192,Bachelor's Degree,BSc Engineering,1986,1,6,1990,12,14
193,Bachelor's Degree,Bachelor of Arts,1988,9,6,1991,5,10
193,Masters's Degree,Master of Science,1991,8,20,1992,5,6
194,Bachelor's Degree,Bachelor of Arts,1989,8,6,1993,12,17
195,Bachelor's Degree,BSc Engineering,1987,2,6,1992,12,8
195,PhD Degree,PhD,1995,8,7,2000,4,16
196,Bachelor's Degree,Bachelor of Technology,2009,1,23,2013,4,18
197,Bachelor's Degree,Bachelor of Arts,1996,1,3,2000,12,10
198,Bachelor's Degree,Bachelor of Science,1985,9,5,1988,4,14
199,Bachelor's Degree,Bachelor of Arts,1989,8,12,1992,12,10
200,Bachelor's Degree,Bachelor of Science,1981,1,16,1985,5,11
201,Bachelor's Degree,Bachelor of Science,1989,8,21,1992,7,12
202,Bachelor's Degree,Bachelor of Science,1982,8,5,1985,12,11
202,Masters's Degree,Master of Science,1986,8,7,1988,12,5
203,Bachelor's Degree,BSc Engineering,1986,1,2,1990,5,12
204,Bachelor's Degree,Bachelor of Technology,2005,1,12,2009,12,20
205,Bachelor's Degree,Bachelor of Technology,2007,2,2,2011,5,8
205,Masters's Degree,Master of Business Administration,2011,8,13,2013,5,2
206,Bachelor's Degree,Bachelor of Arts,1990,1,27,1994,12,7
206,PhD Degree,Doctor of Philosophy PhD,1995,1,10,1998,4,12
207,Bachelor's Degree,Bachelor of Science,1983,8,13,1986,4,14
208,Bachelor's Degree,BSc Engineering,1993,9,25,1996,12,12
209,Bachelor's Degree,BSc Engineering,1994,8,1,1998,12,16
210,Bachelor's Degree,Bachelor of Technology,1982,8,3,1986,12,18
210,Masters's Degree,Master of Business Administration,1987,8,9,1989,12,3
211,Bachelor's Degree,Bachelor of Arts,1986,2,16,1991,12,16
212,Bachelor's Degree,BSc Engineering,2009,8,19,2013,12,7
213,Bachelor's Degree,Bachelor of Arts,2010,1,7,2014,12,16
214,Bachelor's Degree,BSc Engineering,1991,8,12,1995,12,19
214,Masters's Degree,Master of Philosphy,1996,8,22,1997,12,12
215,Bachelor's Degree,Bachelor of Technology,2007,8,25,2011,12,15
215,Masters's Degree,Master of Science,2012,8,18,2014,12,25
216,Bachelor's Degree,Bachelor of Arts,2008,1,27,2012,12,15
217,Bachelor's Degree,Bachelor of Arts,1999,1,24,2003,12,12
218,Bachelor's Degree,Bachelor of Technology,2005,8,8,2008,5,12
219,Bachelor's Degree,Bachelor of Technology,2003,8,11,2007,12,7
219,PhD Degree,Doctor of Philosophy PhD,2010,9,18,2014,12,16
220,Bachelor's Degree,BSc Engineering,1997,8,19,2000,12,17
220,PhD Degree,Doctor of Philosophy PhD,2002,1,10,2006,12,18
221,Bachelor's Degree,BSc Engineering,1993,1,22,1997,7,12
221,Masters's Degree,Master of Business Administration,1997,8,1,1999,7,22
221,PhD Degree,PhD,1999,8,23,2005,5,19
222,Bachelor's Degree,Bachelor of Science,1985,1,24,1989,5,18
223,Bachelor's Degree,Bachelor of Science,2004,8,7,2007,12,10
224,Bachelor's Degree,Bachelor of Technology,1998,1,19,2002,12,18
225,Bachelor's Degree,BSc Engineering,1984,2,20,1989,12,7
226,Bachelor's Degree,Bachelor of Arts,1995,1,23,1999,12,19
226,PhD Degree,Doctor of Business Administration,2002,1,22,2007,12,7
227,Bachelor's Degree,Bachelor of Science,1986,8,10,1989,12,16
228,Bachelor's Degree,Bachelor of Arts,1998,8,4,2001,5,11
229,Bachelor's Degree,Bachelor of Technology,2006,8,7,2009,5,12
230,Bachelor's Degree,Bachelor of Science,1993,8,13,1996,12,11
231,Bachelor's Degree,Bachelor of Science,1982,1,20,1986,5,8
232,Bachelor's Degree,Bachelor of Technology,1989,8,5,1993,7,18
232,PhD Degree,PhD,1996,1,1,2001,5,8
233,Bachelor's Degree,Bachelor of Technology,2012,2,19,2017,12,10
234,Bachelor's Degree,Bachelor of Arts,1996,1,11,2000,5,15
235,Bachelor's Degree,Bachelor of Technology,1984,8,18,1988,5,17
236,Bachelor's Degree,Bachelor of Technology,1988,8,13,1991,5,16
237,Bachelor's Degree,Bachelor of Technology,1988,1,13,1992,12,14
238,Bachelor's Degree,Bachelor of Science,2012,1,21,2016,12,12
239,Bachelor's Degree,Bachelor of Technology,1987,2,7,1992,12,16
240,Bachelor's Degree,Bachelor of Science,1986,1,5,1990,5,8
241,Bachelor's Degree,Bachelor of Arts,2002,9,14,2005,12,12
241,Masters's Degree,Master of Science,2006,9,14,2008,12,14
242,Bachelor's Degree,Bachelor of Technology,2000,1,14,2004,12,14
242,Masters's Degree,Master of Philosphy,2005,1,7,2006,12,14
243,Bachelor's Degree,Bachelor of Science,1993,9,16,1996,5,7
243,Masters's Degree,Master of Business Administration,1996,8,10,1998,5,16
244,Bachelor's Degree,Bachelor of Arts,1989,1,2,1993,5,17
245,Bachelor's Degree,Bachelor of Technology,2000,1,25,2004,12,17
246,Bachelor's Degree,BSc Engineering,2013,8,22,2017,12,15
247,Bachelor's Degree,Bachelor of Science,2012,8,19,2016,4,11
248,Bachelor's Degree,Bachelor of Technology,1981,8,9,1984,4,9
249,Bachelor's Degree,Bachelor of Science,1993,8,26,1996,12,12
250,Bachelor's Degree,BSc Engineering,2013,9,16,2016,7,14
251,Bachelor's Degree,Bachelor of Science,1998,1,5,2002,12,9
252,Bachelor's Degree,Bachelor of Technology,2005,8,1,2008,12,19
252,Masters's Degree,Master of Business Administration,2009,8,7,2011,12,1
253,Bachelor's Degree,BSc Engineering,1986,2,22,1991,5,13
253,Masters's Degree,Master of Philosphy,1991,8,24,1993,5,22
254,Bachelor's Degree,BSc Engineering,2007,8,18,2011,12,15
255,Bachelor's Degree,Bachelor of Technology,1984,1,8,1988,7,13
256,Bachelor's Degree,BSc Engineering,1993,2,2,1998,5,13
256,Masters's Degree,Master of Science,1998,8,1,1999,5,2
256,PhD Degree,Doctor of Philosophy PhD,1999,8,28,2004,7,9
257,Bachelor's Degree,Bachelor of Technology,1999,1,19,2003,12,13
258,Bachelor's Degree,Bachelor of Technology,2013,8,27,2017,5,18
259,Bachelor's Degree,BSc Engineering,1993,1,7,1997,12,8
260,Bachelor's Degree,Bachelor of Arts,1985,9,17,1988,12,19
261,Bachelor's Degree,BSc Engineering,2009,8,5,2012,12,20
262,Bachelor's Degree,Bachelor of Arts,1985,8,3,1988,12,9
262,Masters's Degree,Master of Philosphy,1989,8,1,1991,12,3
263,Bachelor's Degree,Bachelor of Technology,1998,9,17,2001,4,12
263,Masters's Degree,Master of Philosphy,2001,8,12,2003,4,17
264,Bachelor's Degree,Bachelor of Arts,2006,9,23,2009,12,7
264,Masters's Degree,Master of Science,2010,9,21,2012,12,23
265,Bachelor's Degree,Bachelor of Science,1995,8,20,1999,12,20
266,Bachelor's Degree,BSc Engineering,1994,1,13,1998,12,17
266,Masters's Degree,Master of Science,1999,1,18,2001,12,13
267,Bachelor's Degree,Bachelor of Arts,1993,8,7,1997,5,8
268,Bachelor's Degree,Bachelor of Arts,1989,8,26,1992,7,20
269,Bachelor's Degree,Bachelor of Technology,1997,1,22,2001,7,11
270,Bachelor's Degree,BSc Engineering,2003,1,26,2007,12,8
270,Masters's Degree,Master of Science,2008,1,24,2009,12,26
271,Bachelor's Degree,Bachelor of Arts,1986,1,17,1990,12,17
271,Masters's Degree,Master of Science,1991,1,15,1993,12,17
272,Bachelor's Degree,Bachelor of Science,1991,8,8,1995,12,15
273,Bachelor's Degree,Bachelor of Arts,1990,1,14,1994,5,8
273,PhD Degree,PhD,1995,5,16,2000,5,10
274,Bachelor's Degree,Bachelor of Arts,1989,8,26,1992,12,7
274,Masters's Degree,Master of Science,1993,8,4,1995,12,26
275,Bachelor's Degree,BSc Engineering,1984,1,9,1988,12,12
276,Bachelor's Degree,Bachelor of Arts,1991,1,2,1995,5,9
277,Bachelor's Degree,Bachelor of Arts,1989,1,9,1993,5,16
277,PhD Degree,PhD,1996,2,24,2001,12,16
278,Bachelor's Degree,Bachelor of Technology,2007,1,1,2011,12,7
279,Bachelor's Degree,Bachelor of Technology,2010,8,11,2013,5,14
280,Bachelor's Degree,Bachelor of Arts,2003,9,21,2006,7,14
281,Bachelor's Degree,Bachelor of Science,2003,1,25,2007,12,7
282,Bachelor's Degree,Bachelor of Arts,1991,1,1,1995,5,7
282,Masters's Degree,Master of Business Administration,1995,8,1,1998,5,1
283,Bachelor's Degree,Bachelor of Science,1998,9,23,2001,5,9
284,Bachelor's Degree,Bachelor of Technology,1994,8,12,1998,12,13
285,Bachelor's Degree,Bachelor of Arts,2001,5,19,2008,5,19
286,Bachelor's Degree,BSc Engineering,2001,8,19,2004,12,7
286,Masters's Degree,Master of Business Administration,2005,8,24,2007,12,19
286,PhD Degree,Doctor of Business Administration,2008,1,10,2012,5,12
287,Bachelor's Degree,Bachelor of Science,2003,1,26,2007,4,19
287,PhD Degree,Doctor of Business Administration,2007,8,8,2012,12,15
288,Bachelor's Degree,Bachelor of Arts,2006,1,7,2010,4,10
289,Bachelor's Degree,Bachelor of Science,1983,9,28,1986,12,15
290,Bachelor's Degree,BSc Engineering,1985,1,13,1989,5,11
291,Bachelor's Degree,BSc Engineering,1990,9,26,1993,12,8
292,Bachelor's Degree,Bachelor of Arts,2003,2,26,2008,12,12
293,Bachelor's Degree,BSc Engineering,1988,1,26,1992,12,7
293,Masters's Degree,Master of Philosphy,1993,1,12,1995,12,26
294,Bachelor's Degree,Bachelor of Arts,2006,1,10,2010,7,15
295,Bachelor's Degree,Bachelor of Technology,2007,1,23,2011,7,12
296,Bachelor's Degree,Bachelor of Technology,2005,8,7,2009,5,20
297,Bachelor's Degree,Bachelor of Science,1993,1,9,1997,5,12
298,Bachelor's Degree,BSc Engineering,1995,1,13,1999,12,17
299,Bachelor's Degree,BSc Engineering,1991,9,7,1994,12,12
300,Bachelor's Degree,Bachelor of Arts,2011,1,9,2015,12,17
301,Bachelor's Degree,BSc Engineering,2007,2,9,2012,5,17
301,Masters's Degree,Master of Science,2012,8,28,2014,5,9
302,Bachelor's Degree,Bachelor of Science,2011,8,16,2014,12,16
303,Bachelor's Degree,BSc Engineering,2005,2,25,2009,12,20
304,Bachelor's Degree,BSc Engineering,2007,1,15,2011,5,12
304,Masters's Degree,Master of Science,2011,8,20,2012,5,15
305,Bachelor's Degree,Bachelor of Arts,2008,1,10,2012,4,7
306,Bachelor's Degree,BSc Engineering,1991,1,24,1995,12,10
306,Masters's Degree,Master of Business Administration,1996,1,20,1998,12,24
307,Bachelor's Degree,BSc Engineering,2004,8,5,2007,12,8
308,Bachelor's Degree,Bachelor of Arts,2006,1,2,2010,5,14
309,Bachelor's Degree,BSc Engineering,1995,2,12,2000,7,11
309,Masters's Degree,Master of Science,2000,8,28,2002,7,12
309,PhD Degree,PhD,2004,8,6,2008,12,18
310,Bachelor's Degree,Bachelor of Arts,2007,8,11,2010,12,16
310,PhD Degree,Doctor of Business Administration,2013,1,7,2017,7,7
311,Bachelor's Degree,Bachelor of Arts,1994,9,13,1997,12,7
312,Bachelor's Degree,Bachelor of Science,1982,1,14,1986,12,16
312,Masters's Degree,Master of Business Administration,1987,1,23,1989,12,14
313,Bachelor's Degree,BSc Engineering,1990,1,5,1994,12,12
314,Bachelor's Degree,Bachelor of Arts,1983,1,1,1987,12,20
314,Masters's Degree,Master of Science,1988,1,21,1990,12,1
315,Bachelor's Degree,BSc Engineering,2000,9,23,2003,12,20
316,Bachelor's Degree,BSc Engineering,1996,2,24,2000,12,15
317,Bachelor's Degree,BSc Engineering,2010,9,19,2013,5,15
317,PhD Degree,PhD,2014,8,20,2018,5,20
318,Bachelor's Degree,Bachelor of Arts,1999,9,16,2002,5,20
318,Masters's Degree,Master of Science,2002,8,22,2004,5,16
319,Bachelor's Degree,Bachelor of Arts,1995,8,12,1998,4,13
320,Bachelor's Degree,Bachelor of Technology,2003,8,3,2007,5,17
321,Bachelor's Degree,Bachelor of Science,2009,1,22,2013,12,9
322,Bachelor's Degree,Bachelor of Arts,2013,8,18,2016,12,16
323,Bachelor's Degree,Bachelor of Arts,1996,9,22,1999,5,8
324,Bachelor's Degree,Bachelor of Technology,1989,1,14,1993,5,12
324,Masters's Degree,Master of Philosphy,1993,8,14,1997,5,14
325,Bachelor's Degree,BSc Engineering,2004,1,11,2008,5,20
326,Bachelor's Degree,BSc Engineering,2007,8,12,2010,12,11
326,PhD Degree,Doctor of Business Administration,2012,8,11,2015,7,17
327,Bachelor's Degree,BSc Engineering,1984,8,9,1987,5,7
327,Masters's Degree,Master of Science,1987,8,15,1988,5,9
328,Bachelor's Degree,BSc Engineering,2010,1,17,2014,12,16
328,Masters's Degree,Master of Philosphy,2015,1,1,2017,12,17
329,Bachelor's Degree,Bachelor of Technology,1995,1,15,1999,12,15
330,Bachelor's Degree,BSc Engineering,1992,9,15,1995,12,13
330,Masters's Degree,Master of Philosphy,1996,9,24,1998,12,15
331,Bachelor's Degree,Bachelor of Science,1984,8,2,1987,7,7
331,PhD Degree,Doctor of Business Administration,1990,1,9,1995,12,11
332,Bachelor's Degree,BSc Engineering,1989,8,4,1993,7,10
333,Bachelor's Degree,Bachelor of Science,1995,1,17,1999,12,16
334,Bachelor's Degree,Bachelor of Technology,1999,8,6,2002,12,8
335,Bachelor's Degree,BSc Engineering,1994,9,5,1997,12,13
335,Masters's Degree,Master of Business Administration,1998,9,28,2002,12,5
336,Bachelor's Degree,BSc Engineering,1989,1,16,1993,12,16
336,Masters's Degree,Master of Science,1994,1,24,1998,12,16
337,Bachelor's Degree,Bachelor of Science,2000,1,1,2004,12,11
337,Masters's Degree,Master of Science,2005,1,15,2007,12,1
338,Bachelor's Degree,BSc Engineering,1998,1,3,2002,12,10
338,PhD Degree,Doctor of Philosophy PhD,2003,8,15,2005,5,9
339,Bachelor's Degree,Bachelor of Arts,2010,8,3,2014,7,15
340,Bachelor's Degree,Bachelor of Arts,2015,8,1,2018,7,15
341,Bachelor's Degree,Bachelor of Arts,1997,2,24,2002,7,11
341,Masters's Degree,Master of Philosphy,2002,8,14,2003,7,24
342,Bachelor's Degree,Bachelor of Technology,1987,1,15,1991,5,17
343,Bachelor's Degree,Bachelor of Technology,2011,1,3,2015,4,15
344,Bachelor's Degree,Bachelor of Arts,2002,9,24,2005,12,20
345,Bachelor's Degree,BSc Engineering,2001,2,4,2005,5,12
346,Bachelor's Degree,Bachelor of Technology,1988,1,22,1992,12,7
347,Bachelor's Degree,BSc Engineering,1991,1,24,1995,4,7
348,Bachelor's Degree,Bachelor of Technology,1999,8,25,2002,5,10
349,Bachelor's Degree,BSc Engineering,1986,1,27,1990,12,17
350,Bachelor's Degree,BSc Engineering,2007,8,8,2011,12,17
351,Bachelor's Degree,Bachelor of Arts,2009,2,12,2013,12,7
351,Masters's Degree,Master of Philosphy,2014,2,14,2016,12,12
352,Bachelor's Degree,BSc Engineering,1989,1,18,1993,12,14
352,Masters's Degree,Master of Business Administration,1994,1,18,1996,12,18
353,Bachelor's Degree,Bachelor of Science,1984,2,24,1989,5,19
354,Bachelor's Degree,BSc Engineering,1994,8,22,1997,5,9
355,Bachelor's Degree,Bachelor of Arts,2002,2,26,2007,5,13
356,Bachelor's Degree,BSc Engineering,1984,8,18,1988,7,7
356,PhD Degree,Doctor of Philosophy PhD,1988,8,22,1993,12,15
357,Bachelor's Degree,BSc Engineering,1997,8,2,2000,5,19
357,PhD Degree,Doctor of Philosophy PhD,2001,8,11,2006,12,9
358,Bachelor's Degree,Bachelor of Technology,1983,1,24,1987,12,20
359,Bachelor's Degree,BSc Engineering,1987,2,15,1992,12,13
360,Bachelor's Degree,Bachelor of Arts,2002,1,9,2006,5,19
360,PhD Degree,Doctor of Philosophy PhD,2009,9,13,2013,5,8
361,Bachelor's Degree,Bachelor of Science,1998,8,27,2002,12,10
362,Bachelor's Degree,Bachelor of Science,2009,8,26,2013,12,12
363,Bachelor's Degree,BSc Engineering,1987,8,7,1990,5,16
363,Masters's Degree,Master of Science,1990,8,20,1992,5,7
363,PhD Degree,PhD,1992,8,9,1997,4,15
364,Bachelor's Degree,Bachelor of Science,1993,1,19,1997,12,8
365,Bachelor's Degree,Bachelor of Technology,1989,8,28,1993,12,16
365,PhD Degree,Doctor of Business Administration,1996,8,2,1999,12,11
366,Bachelor's Degree,BSc Engineering,1985,9,11,1988,5,7
367,Bachelor's Degree,Bachelor of Arts,1996,8,6,2000,12,14
368,Bachelor's Degree,Bachelor of Science,1989,8,8,1992,12,15
369,Bachelor's Degree,Bachelor of Science,1994,8,26,1997,12,9
370,Bachelor's Degree,Bachelor of Science,2011,1,10,2015,12,10
370,Masters's Degree,Master of Philosphy,2016,1,17,2018,12,10
371,Bachelor's Degree,Bachelor of Arts,1989,1,11,1993,5,8
372,Bachelor's Degree,BSc Engineering,1995,9,17,1998,12,18
373,Bachelor's Degree,Bachelor of Arts,2002,8,20,2005,5,18
374,Bachelor's Degree,BSc Engineering,1983,1,18,1987,12,14
375,Bachelor's Degree,BSc Engineering,2004,8,24,2007,12,14
376,Bachelor's Degree,Bachelor of Arts,1994,8,8,1997,12,16
376,Masters's Degree,Master of Business Administration,1998,8,12,2000,12,8
377,Bachelor's Degree,BSc Engineering,1985,1,23,1989,12,7
378,Bachelor's Degree,BSc Engineering,1993,8,20,1996,5,20
378,Masters's Degree,Master of Science,1996,8,15,1998,5,20
379,Bachelor's Degree,Bachelor of Arts,2003,8,15,2006,7,7
380,Bachelor's Degree,BSc Engineering,1996,1,13,2000,5,14
380,Masters's Degree,Master of Science,2000,8,21,2002,5,13
381,Bachelor's Degree,BSc Engineering,2005,1,24,2009,12,17
381,Masters's Degree,Master of Science,2010,1,23,2012,12,24
382,Bachelor's Degree,BSc Engineering,2002,8,6,2005,12,19
383,Bachelor's Degree,BSc Engineering,1994,1,3,1998,5,15
384,Bachelor's Degree,Bachelor of Science,2009,8,16,2013,5,16
385,Bachelor's Degree,Bachelor of Technology,1999,8,17,2002,5,10
385,PhD Degree,Doctor of Philosophy PhD,2005,1,15,2009,12,19
386,Bachelor's Degree,Bachelor of Arts,2014,8,19,2017,5,8
387,Bachelor's Degree,BSc Engineering,2006,1,13,2010,12,17
388,Bachelor's Degree,Bachelor of Arts,2008,8,28,2011,12,19
389,Bachelor's Degree,BSc Engineering,2000,1,13,2004,7,9
389,Masters's Degree,Master of Science,2004,8,28,2007,7,13
390,Bachelor's Degree,Bachelor of Arts,2000,1,16,2004,5,11
391,Bachelor's Degree,Bachelor of Science,2003,8,19,2006,12,13
392,Bachelor's Degree,Bachelor of Science,1984,2,24,1989,5,19
392,Masters's Degree,Master of Business Administration,1989,8,28,1991,5,24
393,Bachelor's Degree,Bachelor of Science,1999,2,26,2004,12,11
393,Masters's Degree,Master of Science,2005,2,8,2007,12,26
394,Bachelor's Degree,Bachelor of Arts,1988,8,26,1992,12,8
395,Bachelor's Degree,BSc Engineering,1984,1,11,1988,5,16
395,Masters's Degree,Master of Business Administration,1988,8,27,1990,5,11
396,Bachelor's Degree,Bachelor of Science,1983,1,19,1987,4,9
396,Masters's Degree,Master of Science,1987,8,3,1989,4,19
397,Bachelor's Degree,Bachelor of Technology,2010,8,10,2014,12,19
398,Bachelor's Degree,Bachelor of Technology,1994,1,2,1998,12,10
398,Masters's Degree,Master of Business Administration,1999,1,2,2001,12,2
399,Bachelor's Degree,Bachelor of Arts,1984,8,16,1988,12,19
399,Masters's Degree,Master of Science,1989,8,18,1991,12,16
400,Bachelor's Degree,BSc Engineering,1997,1,18,2001,12,20
401,Bachelor's Degree,Bachelor of Science,1998,1,8,2002,12,16
402,Bachelor's Degree,BSc Engineering,2008,1,21,2012,7,9
403,Bachelor's Degree,BSc Engineering,2010,8,12,2014,12,14
404,Bachelor's Degree,Bachelor of Technology,1996,1,13,2000,4,12
404,Masters's Degree,Master of Science,2000,8,27,2001,4,13
405,Bachelor's Degree,Bachelor of Technology,2012,1,15,2016,7,19
406,Bachelor's Degree,BSc Engineering,2005,2,22,2009,7,12
406,Masters's Degree,Master of Philosphy,2009,8,7,2011,7,22
407,Bachelor's Degree,Bachelor of Arts,1992,8,7,1995,7,15
408,Bachelor's Degree,BSc Engineering,1987,1,3,1991,5,13
408,Masters's Degree,Master of Science,1991,8,20,1993,5,3
409,Bachelor's Degree,Bachelor of Technology,1999,8,14,2002,12,16
409,Masters's Degree,Master of Business Administration,2003,8,23,2004,12,14
410,Bachelor's Degree,Bachelor of Technology,1987,1,22,1991,12,9
410,Masters's Degree,Master of Science,1992,1,9,1993,12,22
411,Bachelor's Degree,Bachelor of Arts,1987,8,23,1991,4,12
411,Masters's Degree,Master of Science,1991,8,8,1993,4,23
412,Bachelor's Degree,BSc Engineering,1986,8,7,1990,12,14
413,Bachelor's Degree,Bachelor of Science,1989,8,27,1992,12,7
414,Bachelor's Degree,Bachelor of Science,1984,1,20,1988,7,20
414,Masters's Degree,Master of Science,1988,8,11,1989,7,20
415,Bachelor's Degree,Bachelor of Science,2009,8,24,2013,12,12
416,Bachelor's Degree,Bachelor of Technology,1997,8,24,2000,5,14
416,Masters's Degree,Master of Science,2000,8,6,2002,5,24
417,Bachelor's Degree,Bachelor of Technology,2009,9,25,2012,7,19
418,Bachelor's Degree,BSc Engineering,1995,1,5,1999,12,8
419,Bachelor's Degree,Bachelor of Technology,2007,8,5,2011,5,9
420,Bachelor's Degree,BSc Engineering,1994,8,8,1997,5,16
421,Bachelor's Degree,Bachelor of Arts,1996,1,25,2000,12,14
421,Masters's Degree,Master of Science,2001,1,6,2002,12,25
421,PhD Degree,Doctor of Philosophy PhD,2003,8,11,2007,5,14
422,Bachelor's Degree,Bachelor of Technology,1987,8,19,1991,12,10
423,Bachelor's Degree,Bachelor of Arts,2006,2,24,2011,5,16
424,Bachelor's Degree,Bachelor of Technology,2007,1,1,2011,5,20
424,Masters's Degree,Master of Philosphy,2011,8,5,2013,5,1
425,Bachelor's Degree,Bachelor of Science,1992,1,14,1996,12,18
425,Masters's Degree,Master of Business Administration,1997,1,11,1998,12,14
426,Bachelor's Degree,BSc Engineering,2003,1,5,2007,12,19
427,Bachelor's Degree,Bachelor of Science,1995,1,20,1999,12,8
427,Masters's Degree,Master of Science,2000,1,16,2002,12,20
428,Bachelor's Degree,Bachelor of Technology,1997,9,26,2000,5,13
428,Masters's Degree,Master of Philosphy,2000,8,28,2002,5,26
429,Bachelor's Degree,Bachelor of Technology,2011,1,16,2015,12,14
430,Bachelor's Degree,Bachelor of Science,1991,1,22,1995,5,9
430,Masters's Degree,Master of Philosphy,1995,8,26,1997,5,22
430,PhD Degree,Doctor of Business Administration,1998,1,18,2002,4,18
431,Bachelor's Degree,Bachelor of Technology,1998,1,11,2002,12,9
431,Masters's Degree,Master of Science,2003,1,8,2005,12,11
431,PhD Degree,PhD,2007,1,6,2011,12,13
432,Bachelor's Degree,BSc Engineering,1985,9,22,1988,12,8
433,Bachelor's Degree,BSc Engineering,2001,8,17,2004,12,8
434,Bachelor's Degree,BSc Engineering,2012,2,18,2016,12,8
435,Bachelor's Degree,BSc Engineering,1983,1,21,1987,5,20
436,Bachelor's Degree,Bachelor of Arts,1992,1,28,1996,12,16
437,Bachelor's Degree,Bachelor of Technology,1990,9,28,1993,12,12
438,Bachelor's Degree,Bachelor of Technology,1987,9,17,1990,12,7
438,Masters's Degree,Master of Philosphy,1991,9,25,1992,12,17
439,Bachelor's Degree,Bachelor of Science,1992,1,10,1996,5,9
440,Bachelor's Degree,Bachelor of Arts,1997,1,7,2001,5,12
441,Bachelor's Degree,Bachelor of Arts,2012,1,3,2016,5,15
442,Bachelor's Degree,Bachelor of Technology,2007,2,1,2012,5,12
443,Bachelor's Degree,Bachelor of Arts,1987,1,27,1991,12,15
443,Masters's Degree,Master of Science,1992,1,13,1994,12,27
444,Bachelor's Degree,Bachelor of Science,1995,1,15,1999,12,13
444,Masters's Degree,Master of Business Administration,2000,1,3,2002,12,15
445,Bachelor's Degree,Bachelor of Science,1999,8,3,2003,5,17
446,Bachelor's Degree,Bachelor of Science,1993,5,26,2000,12,16
447,Bachelor's Degree,Bachelor of Science,1996,1,13,2000,12,19
447,Masters's Degree,Master of Business Administration,2001,1,17,2002,12,13
448,Bachelor's Degree,Bachelor of Science,2000,2,23,2004,12,15
449,Bachelor's Degree,Bachelor of Technology,1993,2,13,1997,5,7
450,Bachelor's Degree,Bachelor of Science,2005,1,21,2009,5,10
450,Masters's Degree,Master of Business Administration,2009,8,23,2010,5,21
451,Bachelor's Degree,BSc Engineering,1990,2,8,1995,12,18
452,Bachelor's Degree,Bachelor of Technology,1989,1,19,1993,12,8
453,Bachelor's Degree,Bachelor of Science,1994,1,3,1998,5,10
454,Bachelor's Degree,BSc Engineering,1989,1,6,1993,12,10
455,Bachelor's Degree,Bachelor of Arts,1992,1,7,1996,12,20
455,Masters's Degree,Master of Business Administration,1997,1,12,1999,12,7
456,Bachelor's Degree,Bachelor of Technology,1992,1,24,1996,12,7
457,Bachelor's Degree,BSc Engineering,2007,8,1,2011,5,9
457,Masters's Degree,Master of Science,2011,8,3,2013,5,1
458,Bachelor's Degree,BSc Engineering,1996,8,25,1999,7,20
459,Bachelor's Degree,BSc Engineering,1988,1,19,1992,12,16
460,Bachelor's Degree,Bachelor of Science,1999,1,11,2003,5,19
461,Bachelor's Degree,Bachelor of Science,1989,8,17,1992,12,19
462,Bachelor's Degree,Bachelor of Technology,1994,1,2,1998,7,17
463,Bachelor's Degree,Bachelor of Arts,1987,8,11,1991,12,10
464,Bachelor's Degree,Bachelor of Science,2006,8,9,2009,5,15
465,Bachelor's Degree,Bachelor of Science,1987,2,16,1991,12,12
465,Masters's Degree,Master of Business Administration,1992,2,7,1993,12,16
466,Bachelor's Degree,BSc Engineering,1983,8,16,1987,4,15
466,Masters's Degree,Master of Science,1987,8,25,1989,4,16
467,Bachelor's Degree,Bachelor of Technology,1998,1,19,2002,12,18
468,Bachelor's Degree,Bachelor of Arts,2013,8,16,2016,5,17
469,Bachelor's Degree,BSc Engineering,2010,8,5,2013,12,14
470,Bachelor's Degree,Bachelor of Arts,1982,1,17,1986,12,8
471,Bachelor's Degree,BSc Engineering,1995,8,26,1999,12,12
471,Masters's Degree,Master of Business Administration,2000,8,14,2002,12,26
472,Bachelor's Degree,Bachelor of Arts,1983,2,6,1987,12,17
473,Bachelor's Degree,Bachelor of Technology,1990,1,23,1994,12,20
474,Bachelor's Degree,BSc Engineering,1985,8,4,1988,5,16
475,Bachelor's Degree,Bachelor of Technology,1992,1,28,1996,12,13
475,Masters's Degree,Master of Business Administration,1997,1,21,1998,12,28
476,Bachelor's Degree,BSc Engineering,1991,8,1,1994,5,12
477,Bachelor's Degree,Bachelor of Science,1986,9,3,1989,5,16
478,Bachelor's Degree,Bachelor of Technology,1993,9,2,1996,5,16
479,Bachelor's Degree,Bachelor of Science,1996,8,28,1999,7,19
479,Masters's Degree,Master of Business Administration,1999,8,4,2003,7,28
480,Bachelor's Degree,Bachelor of Science,1986,9,26,1989,5,14
481,Bachelor's Degree,Bachelor of Science,2001,1,1,2005,7,12
482,Bachelor's Degree,Bachelor of Technology,2007,2,8,2012,5,13
482,Masters's Degree,Master of Philosphy,2012,8,12,2014,5,8
483,Bachelor's Degree,Bachelor of Science,1994,9,19,1997,12,15
484,Bachelor's Degree,Bachelor of Arts,2005,9,8,2008,12,16
485,Bachelor's Degree,BSc Engineering,1996,1,21,2000,12,17
486,Bachelor's Degree,BSc Engineering,1988,1,17,1992,4,16
487,Bachelor's Degree,Bachelor of Arts,1981,8,4,1984,5,13
488,Bachelor's Degree,Bachelor of Arts,1998,9,2,2001,5,19
489,Bachelor's Degree,Bachelor of Science,2010,9,2,2013,12,17
490,Bachelor's Degree,Bachelor of Science,2006,1,23,2010,12,7
491,Bachelor's Degree,Bachelor of Arts,2012,8,23,2015,12,18
492,Bachelor's Degree,BSc Engineering,2008,1,15,2012,5,14
493,Bachelor's Degree,Bachelor of Arts,1983,1,24,1987,12,12
494,Bachelor's Degree,Bachelor of Arts,2004,8,9,2007,12,20
494,Masters's Degree,Master of Business Administration,2008,8,26,2010,12,9
495,Bachelor's Degree,Bachelor of Science,2007,1,14,2011,12,11
495,PhD Degree,PhD,2012,1,24,2015,5,8
496,Bachelor's Degree,BSc Engineering,2007,8,17,2010,12,7
496,Masters's Degree,Master of Philosphy,2011,8,14,2013,12,17
497,Bachelor's Degree,Bachelor of Science,2000,8,17,2004,12,15
498,Bachelor's Degree,Bachelor of Science,1999,2,12,2003,5,16
498,Masters's Degree,Master of Business Administration,2003,8,19,2005,5,12
499,Bachelor's Degree,Bachelor of Arts,1992,1,1,1996,12,15
500,Bachelor's Degree,BSc Engineering,2004,9,28,2007,12,10
500,Masters's Degree,Master of Philosphy,2008,9,7,2009,12,28
500,PhD Degree,PhD,2010,8,24,2015,12,9
501,Bachelor's Degree,Bachelor of Technology,2008,8,24,2011,12,12
501,Masters's Degree,Master of Science,2012,8,5,2014,12,24
502,Bachelor's Degree,Bachelor of Arts,1983,1,2,1987,12,16
502,Masters's Degree,Master of Science,1988,1,22,1990,12,2
503,Bachelor's Degree,Bachelor of Arts,2012,1,11,2016,7,7
504,Bachelor's Degree,BSc Engineering,2003,1,4,2007,5,7
504,Masters's Degree,Master of Business Administration,2007,8,11,2009,5,4
505,Bachelor's Degree,Bachelor of Arts,2011,9,7,2014,5,8
506,Bachelor's Degree,BSc Engineering,1997,1,23,2001,7,13
507,Bachelor's Degree,BSc Engineering,2012,8,18,2016,12,15
508,Bachelor's Degree,Bachelor of Science,1988,1,13,1992,12,9
509,Bachelor's Degree,Bachelor of Science,2000,1,15,2004,5,12
510,Bachelor's Degree,Bachelor of Science,1992,9,8,1995,12,16
511,Bachelor's Degree,Bachelor of Technology,1983,8,22,1986,12,11
511,Masters's Degree,Master of Science,1987,8,4,1988,12,22
512,Bachelor's Degree,Bachelor of Technology,2009,8,6,2013,12,16
513,Bachelor's Degree,BSc Engineering,1983,2,10,1988,5,12
514,Bachelor's Degree,Bachelor of Science,1983,1,8,1987,4,16
515,Bachelor's Degree,Bachelor of Arts,1988,1,13,1992,4,20
516,Bachelor's Degree,Bachelor of Technology,2001,8,15,2005,12,14
516,Masters's Degree,Master of Philosphy,2006,8,25,2008,12,15
517,Bachelor's Degree,BSc Engineering,2000,5,27,2007,5,11
518,Bachelor's Degree,Bachelor of Arts,2000,8,19,2003,5,16
518,Masters's Degree,Master of Business Administration,2003,8,10,2004,5,19
519,Bachelor's Degree,Bachelor of Technology,1995,1,6,1999,5,11
519,Masters's Degree,Master of Philosphy,1999,8,19,2001,5,6
520,Bachelor's Degree,Bachelor of Science,2008,1,20,2012,5,17
520,Masters's Degree,Master of Science,2012,8,8,2014,5,20
521,Bachelor's Degree,Bachelor of Technology,1999,2,10,2003,12,9
522,Bachelor's Degree,Bachelor of Technology,1999,1,24,2003,5,17
522,Masters's Degree,Master of Science,2003,8,12,2004,5,24
523,Bachelor's Degree,Bachelor of Arts,1985,1,9,1989,12,8
523,Masters's Degree,Master of Science,1990,1,20,1991,12,9
524,Bachelor's Degree,Bachelor of Science,1995,1,22,1999,12,11
525,Bachelor's Degree,BSc Engineering,2010,1,25,2014,12,8
526,Bachelor's Degree,BSc Engineering,2007,8,28,2011,4,10
526,Masters's Degree,Master of Science,2011,8,7,2012,4,28
527,Bachelor's Degree,Bachelor of Technology,1983,1,9,1987,7,7
528,Bachelor's Degree,Bachelor of Science,1987,1,23,1991,7,7
528,Masters's Degree,Master of Business Administration,1991,8,3,1992,7,23
529,Bachelor's Degree,Bachelor of Arts,1982,8,12,1985,12,15
529,Masters's Degree,Master of Business Administration,1986,8,2,1988,12,12
530,Bachelor's Degree,Bachelor of Technology,1997,1,4,2001,12,8
531,Bachelor's Degree,Bachelor of Arts,2005,1,19,2009,7,12
531,Masters's Degree,Master of Science,2009,8,7,2010,7,19
532,Bachelor's Degree,BSc Engineering,1995,9,3,1998,12,9
533,Bachelor's Degree,Bachelor of Science,1984,2,18,1989,5,18
534,Bachelor's Degree,Bachelor of Arts,1991,1,22,1995,12,20
535,Bachelor's Degree,Bachelor of Science,2001,8,23,2005,5,8
536,Bachelor's Degree,Bachelor of Science,2003,9,15,2006,5,14
536,Masters's Degree,Master of Philosphy,2006,8,10,2008,5,15
537,Bachelor's Degree,Bachelor of Science,2005,9,22,2008,4,20
537,Masters's Degree,Master of Business Administration,2008,8,14,2010,4,22
538,Bachelor's Degree,BSc Engineering,1988,1,4,1992,7,20
538,PhD Degree,Doctor of Philosophy PhD,1993,1,11,1996,12,10
539,Bachelor's Degree,BSc Engineering,1987,8,23,1991,12,11
540,Bachelor's Degree,Bachelor of Technology,1986,1,28,1990,5,9
541,Bachelor's Degree,Bachelor of Science,1993,8,16,1996,5,10
541,PhD Degree,Doctor of Philosophy PhD,1996,8,1,2000,12,19
542,Bachelor's Degree,BSc Engineering,2011,8,19,2014,5,9
543,Bachelor's Degree,Bachelor of Arts,2000,1,20,2004,12,19
543,PhD Degree,PhD,2006,8,24,2010,12,17
544,Bachelor's Degree,BSc Engineering,1984,2,21,1989,12,15
545,Bachelor's Degree,Bachelor of Science,1989,8,1,1993,5,18
546,Bachelor's Degree,Bachelor of Science,1986,2,25,1991,5,10
547,Bachelor's Degree,Bachelor of Science,2005,8,15,2008,12,9
547,Masters's Degree,Master of Science,2009,8,22,2010,12,15
548,Bachelor's Degree,BSc Engineering,2002,1,1,2006,5,17
549,Bachelor's Degree,Bachelor of Technology,2007,9,24,2010,4,14
550,Bachelor's Degree,Bachelor of Science,1982,1,11,1986,12,7
551,Bachelor's Degree,Bachelor of Arts,2001,2,17,2006,5,12
551,Masters's Degree,Master of Business Administration,2006,8,22,2007,5,17
552,Bachelor's Degree,Bachelor of Technology,2013,8,18,2016,4,20
552,Masters's Degree,Master of Business Administration,2016,8,24,2018,4,18
553,Bachelor's Degree,Bachelor of Technology,1992,8,11,1995,4,13
554,Bachelor's Degree,Bachelor of Arts,1986,1,5,1990,12,15
554,PhD Degree,Doctor of Business Administration,1992,2,5,1995,12,11
555,Bachelor's Degree,BSc Engineering,1996,9,26,1999,5,7
556,Bachelor's Degree,Bachelor of Science,1989,1,7,1993,12,8
557,Bachelor's Degree,Bachelor of Technology,2001,8,18,2004,5,10
558,Bachelor's Degree,BSc Engineering,1990,5,12,1997,12,12
559,Bachelor's Degree,Bachelor of Science,2004,9,3,2007,12,9
560,Bachelor's Degree,Bachelor of Arts,2011,1,3,2015,12,16
561,Bachelor's Degree,BSc Engineering,2010,8,4,2013,12,7
562,Bachelor's Degree,Bachelor of Technology,2001,1,1,2005,12,7
563,Bachelor's Degree,Bachelor of Technology,1996,1,11,2000,12,17
564,Bachelor's Degree,Bachelor of Arts,2000,1,18,2004,4,17
564,Masters's Degree,Master of Science,2004,8,26,2006,4,18
564,PhD Degree,PhD,2006,8,24,2010,12,9
565,Bachelor's Degree,BSc Engineering,1987,9,5,1990,4,8
565,Masters's Degree,Master of Science,1990,8,24,1992,4,5
566,Bachelor's Degree,Bachelor of Technology,2007,2,2,2012,5,14
566,Masters's Degree,Master of Science,2012,8,14,2013,5,2
567,Bachelor's Degree,Bachelor of Science,1998,1,11,2002,12,18
567,Masters's Degree,Master of Business Administration,2003,1,20,2005,12,11
568,Bachelor's Degree,Bachelor of Arts,1993,8,6,1996,4,19
568,Masters's Degree,Master of Philosphy,1996,8,21,1998,4,6
568,PhD Degree,Doctor of Business Administration,2000,2,27,2004,12,17
569,Bachelor's Degree,Bachelor of Arts,1998,1,21,2002,5,11
570,Bachelor's Degree,Bachelor of Arts,2003,2,8,2007,5,18
571,Bachelor's Degree,Bachelor of Technology,2009,8,14,2013,5,16
572,Bachelor's Degree,Bachelor of Technology,1999,1,12,2003,12,20
573,Bachelor's Degree,Bachelor of Science,1989,9,25,1992,4,8
573,Masters's Degree,Master of Science,1992,8,12,1993,4,25
574,Bachelor's Degree,Bachelor of Technology,2005,8,8,2009,5,19
574,Masters's Degree,Master of Science,2009,8,6,2011,5,8
575,Bachelor's Degree,BSc Engineering,2010,1,24,2014,12,11
576,Bachelor's Degree,Bachelor of Science,2001,8,21,2005,12,10
577,Bachelor's Degree,Bachelor of Technology,1983,8,2,1986,12,17
578,Bachelor's Degree,Bachelor of Science,1999,2,11,2003,12,18
579,Bachelor's Degree,Bachelor of Technology,1986,8,23,1990,12,11
580,Bachelor's Degree,Bachelor of Science,2001,1,7,2005,5,11
580,Masters's Degree,Master of Business Administration,2005,8,15,2006,5,7
581,Bachelor's Degree,Bachelor of Science,2008,2,22,2012,5,12
581,Masters's Degree,Master of Science,2012,8,18,2014,5,22
582,Bachelor's Degree,Bachelor of Science,1998,1,9,2002,7,19
583,Bachelor's Degree,Bachelor of Arts,1982,8,20,1985,4,18
584,Bachelor's Degree,BSc Engineering,1998,1,13,2002,12,10
585,Bachelor's Degree,BSc Engineering,1988,1,18,1992,5,10
585,Masters's Degree,Master of Philosphy,1992,8,23,1994,5,18
586,Bachelor's Degree,Bachelor of Technology,2001,1,3,2005,5,9
587,Bachelor's Degree,Bachelor of Science,2008,8,5,2011,12,12
587,Masters's Degree,Master of Science,2012,8,4,2013,12,5
588,Bachelor's Degree,Bachelor of Arts,1989,8,7,1992,5,8
588,Masters's Degree,Master of Science,1992,8,21,1993,5,7
589,Bachelor's Degree,Bachelor of Technology,2010,8,4,2013,5,19
590,Bachelor's Degree,Bachelor of Science,2005,2,25,2009,5,18
591,Bachelor's Degree,Bachelor of Technology,1991,8,15,1995,12,15
591,Masters's Degree,Master of Business Administration,1996,8,14,1998,12,15
592,Bachelor's Degree,Bachelor of Arts,1984,1,19,1988,5,18
593,Bachelor's Degree,Bachelor of Technology,1988,8,3,1992,7,11
594,Bachelor's Degree,Bachelor of Science,2000,2,9,2004,4,8
595,Bachelor's Degree,Bachelor of Science,2009,2,3,2013,5,18
595,Masters's Degree,Master of Science,2013,8,23,2015,5,3
596,Bachelor's Degree,Bachelor of Science,2011,8,10,2015,7,14
597,Bachelor's Degree,Bachelor of Technology,1983,8,10,1986,5,17
598,Bachelor's Degree,Bachelor of Arts,1985,1,11,1989,12,18
599,Bachelor's Degree,Bachelor of Arts,2009,2,17,2013,5,9
600,Bachelor's Degree,Bachelor of Arts,1995,2,22,2000,4,12
601,Bachelor's Degree,Bachelor of Science,1994,1,10,1998,12,15
601,Masters's Degree,Master of Philosphy,1999,1,20,2001,12,10
602,Bachelor's Degree,Bachelor of Science,1989,9,6,1992,5,14
602,Masters's Degree,Master of Science,1992,8,6,1993,5,6
603,Bachelor's Degree,Bachelor of Arts,2009,2,2,2013,12,13
604,Bachelor's Degree,BSc Engineering,1996,1,5,2000,12,14
605,Bachelor's Degree,Bachelor of Technology,2014,1,8,2018,7,19
606,Bachelor's Degree,Bachelor of Arts,2008,9,27,2011,7,11
606,Masters's Degree,Master of Science,2011,8,14,2012,7,27
607,Bachelor's Degree,Bachelor of Arts,2001,8,1,2004,5,18
608,Bachelor's Degree,Bachelor of Technology,2003,1,2,2007,12,7
609,Bachelor's Degree,Bachelor of Science,2013,8,6,2016,5,9
610,Bachelor's Degree,Bachelor of Science,1995,8,5,1999,12,11
610,Masters's Degree,Master of Philosphy,2000,8,5,2001,12,5
611,Bachelor's Degree,Bachelor of Technology,1995,1,20,1999,5,15
611,Masters's Degree,Master of Business Administration,1999,8,21,2001,5,20
612,Bachelor's Degree,BSc Engineering,2006,8,24,2009,12,13
613,Bachelor's Degree,Bachelor of Arts,2007,1,12,2011,12,12
614,Bachelor's Degree,BSc Engineering,2007,1,5,2011,12,14
615,Bachelor's Degree,Bachelor of Technology,1999,1,12,2003,12,18
615,Masters's Degree,Master of Philosphy,2004,1,6,2006,12,12
616,Bachelor's Degree,Bachelor of Technology,2000,1,11,2004,12,18
617,Bachelor's Degree,Bachelor of Arts,1983,2,24,1987,7,13
618,Bachelor's Degree,Bachelor of Arts,2005,1,16,2009,12,16
619,Bachelor's Degree,Bachelor of Technology,2001,1,24,2005,12,10
619,Masters's Degree,Master of Business Administration,2006,1,15,2008,12,24
620,Bachelor's Degree,BSc Engineering,2000,9,2,2003,12,15
621,Bachelor's Degree,BSc Engineering,2011,9,28,2014,12,19
622,Bachelor's Degree,Bachelor of Technology,2000,8,12,2003,12,12
623,Bachelor's Degree,BSc Engineering,1987,1,23,1991,12,10
623,Masters's Degree,Master of Science,1992,1,10,1994,12,23
624,Bachelor's Degree,Bachelor of Science,1985,1,5,1989,12,12
625,Bachelor's Degree,Bachelor of Science,1985,1,23,1989,4,19
625,Masters's Degree,Master of Science,1989,8,1,1991,4,23
626,Bachelor's Degree,Bachelor of Arts,2006,1,5,2010,12,8
626,PhD Degree,PhD,2011,1,27,2015,5,14
627,Bachelor's Degree,Bachelor of Arts,2002,1,23,2006,5,8
627,Masters's Degree,Master of Science,2006,8,7,2007,5,23
628,Bachelor's Degree,Bachelor of Arts,2000,8,17,2004,12,7
629,Bachelor's Degree,Bachelor of Science,2005,8,27,2009,12,11
629,Masters's Degree,Master of Business Administration,2010,8,21,2012,12,27
630,Bachelor's Degree,Bachelor of Science,2004,5,28,2011,12,9
630,Masters's Degree,Master of Philosphy,2012,5,22,2014,12,28
631,Bachelor's Degree,Bachelor of Technology,1993,8,2,1996,5,7
632,Bachelor's Degree,Bachelor of Technology,1994,8,26,1998,12,12
632,Masters's Degree,Master of Science,1999,8,11,2001,12,26
633,Bachelor's Degree,Bachelor of Arts,1988,1,28,1992,12,20
633,PhD Degree,Doctor of Philosophy PhD,1994,8,19,1999,12,16
634,Bachelor's Degree,Bachelor of Technology,1983,8,15,1986,5,11
634,Masters's Degree,Master of Business Administration,1986,8,20,1987,5,15
635,Bachelor's Degree,BSc Engineering,1984,1,22,1988,5,19
635,PhD Degree,Doctor of Philosophy PhD,1989,8,17,1993,5,20
636,Bachelor's Degree,Bachelor of Science,2005,1,23,2009,12,10
637,Bachelor's Degree,BSc Engineering,2005,2,17,2009,7,11
637,Masters's Degree,Master of Science,2009,8,20,2011,7,17
638,Bachelor's Degree,Bachelor of Arts,2000,1,23,2004,12,8
639,Bachelor's Degree,Bachelor of Technology,1994,8,23,1997,12,19
640,Bachelor's Degree,Bachelor of Arts,2006,1,23,2010,12,19
640,PhD Degree,PhD,2012,1,18,2015,4,8
641,Bachelor's Degree,Bachelor of Technology,1999,8,24,2003,5,10
641,Masters's Degree,Master of Business Administration,2003,8,14,2005,5,24
642,Bachelor's Degree,Bachelor of Arts,1988,1,19,1992,12,20
643,Bachelor's Degree,Bachelor of Science,2001,1,5,2005,5,10
644,Bachelor's Degree,Bachelor of Science,1995,2,22,2000,12,17
645,Bachelor's Degree,Bachelor of Arts,2000,8,13,2004,5,16
646,Bachelor's Degree,Bachelor of Arts,1999,9,25,2002,4,7
647,Bachelor's Degree,Bachelor of Science,2011,8,20,2014,12,11
647,Masters's Degree,Master of Philosphy,2015,8,12,2017,12,20
648,Bachelor's Degree,BSc Engineering,2001,2,17,2006,12,11
648,Masters's Degree,Master of Business Administration,2007,2,27,2010,12,17
649,Bachelor's Degree,Bachelor of Science,1988,8,11,1992,5,15
650,Bachelor's Degree,Bachelor of Science,2014,1,17,2018,12,8
651,Bachelor's Degree,Bachelor of Science,1999,1,6,2003,12,15
651,PhD Degree,Doctor of Business Administration,2004,9,20,2008,12,17
652,Bachelor's Degree,Bachelor of Technology,1991,8,1,1994,12,18
652,PhD Degree,Doctor of Business Administration,1997,1,24,2002,5,19
653,Bachelor's Degree,Bachelor of Science,2005,8,10,2009,12,11
654,Bachelor's Degree,Bachelor of Science,1993,8,9,1997,12,20
655,Bachelor's Degree,Bachelor of Technology,1987,2,8,1992,12,17
656,Bachelor's Degree,Bachelor of Arts,2004,1,6,2008,7,19
657,Bachelor's Degree,Bachelor of Technology,2008,8,7,2012,12,16
658,Bachelor's Degree,Bachelor of Science,1988,2,22,1993,12,14
658,Masters's Degree,Master of Philosphy,1994,2,28,1996,12,22
658,PhD Degree,Doctor of Philosophy PhD,1999,8,4,2004,7,19
659,Bachelor's Degree,Bachelor of Science,1993,8,20,1997,12,9
660,Bachelor's Degree,BSc Engineering,2012,8,13,2016,12,17
661,Bachelor's Degree,Bachelor of Technology,2007,2,27,2011,5,7
662,Bachelor's Degree,Bachelor of Technology,1982,1,6,1986,12,14
662,Masters's Degree,Master of Business Administration,1987,1,5,1989,12,6
663,Bachelor's Degree,Bachelor of Science,1994,1,16,1998,12,18
663,Masters's Degree,Master of Science,1999,1,6,2003,12,16
664,Bachelor's Degree,Bachelor of Science,1988,8,16,1991,5,7
665,Bachelor's Degree,Bachelor of Science,1985,8,22,1988,5,11
666,Bachelor's Degree,BSc Engineering,2002,1,22,2006,7,20
666,Masters's Degree,Master of Science,2006,8,21,2008,7,22
667,Bachelor's Degree,BSc Engineering,1993,2,16,1998,12,18
668,Bachelor's Degree,BSc Engineering,1988,2,26,1992,12,14
668,PhD Degree,Doctor of Business Administration,1995,1,4,1999,12,18
669,Bachelor's Degree,Bachelor of Arts,1990,1,1,1994,4,10
670,Bachelor's Degree,BSc Engineering,1986,1,10,1990,12,18
671,Bachelor's Degree,Bachelor of Arts,1986,9,8,1989,12,19
671,Masters's Degree,Master of Business Administration,1990,9,18,1992,12,8
672,Bachelor's Degree,BSc Engineering,1984,8,16,1988,5,8
673,Bachelor's Degree,Bachelor of Arts,1987,5,17,1994,4,15
673,Masters's Degree,Master of Business Administration,1994,8,18,1996,4,17
673,PhD Degree,Doctor of Philosophy PhD,1998,8,17,2004,7,15
674,Bachelor's Degree,Bachelor of Science,1992,8,25,1995,5,7
675,Bachelor's Degree,Bachelor of Technology,1988,8,10,1991,5,8
676,Bachelor's Degree,BSc Engineering,1986,8,19,1989,12,17
677,Bachelor's Degree,Bachelor of Technology,1986,1,9,1990,5,19
678,Bachelor's Degree,Bachelor of Science,1995,1,9,1999,5,11
678,Masters's Degree,Master of Business Administration,1999,8,18,2001,5,9
679,Bachelor's Degree,Bachelor of Arts,2000,1,14,2004,12,16
680,Bachelor's Degree,BSc Engineering,1983,5,1,1990,12,9
681,Bachelor's Degree,Bachelor of Science,1990,8,23,1994,12,8
682,Bachelor's Degree,Bachelor of Technology,1996,1,11,2000,12,14
683,Bachelor's Degree,Bachelor of Science,2012,9,21,2015,5,8
683,Masters's Degree,Master of Science,2015,8,20,2016,5,21
684,Bachelor's Degree,Bachelor of Technology,1990,8,25,1993,5,8
684,Masters's Degree,Master of Philosphy,1993,8,12,1995,5,25
685,Bachelor's Degree,Bachelor of Arts,2001,9,10,2004,12,13
686,Bachelor's Degree,Bachelor of Science,1988,1,16,1992,5,20
687,Bachelor's Degree,Bachelor of Arts,1986,1,5,1990,4,11
688,Bachelor's Degree,Bachelor of Science,2005,1,18,2009,12,7
689,Bachelor's Degree,Bachelor of Arts,1997,1,19,2001,12,7
690,Bachelor's Degree,BSc Engineering,1994,2,21,1999,4,15
691,Bachelor's Degree,Bachelor of Technology,1982,1,27,1986,12,15
692,Bachelor's Degree,BSc Engineering,1996,9,26,1999,12,20
693,Bachelor's Degree,Bachelor of Science,1999,1,1,2003,5,10
694,Bachelor's Degree,BSc Engineering,1984,2,8,1989,5,7
695,Bachelor's Degree,Bachelor of Science,2008,9,4,2011,12,15
695,PhD Degree,Doctor of Business Administration,2012,8,5,2017,12,9
696,Bachelor's Degree,Bachelor of Arts,1983,8,7,1986,5,12
697,Bachelor's Degree,Bachelor of Technology,2007,8,5,2010,5,9
698,Bachelor's Degree,Bachelor of Science,1995,1,1,1999,12,8
698,Masters's Degree,Master of Science,2000,1,1,2002,12,1
699,Bachelor's Degree,BSc Engineering,1983,9,16,1986,12,13
700,Bachelor's Degree,Bachelor of Technology,1988,9,3,1991,12,15
701,Bachelor's Degree,Bachelor of Technology,2001,1,22,2005,4,8
702,Bachelor's Degree,Bachelor of Arts,1985,1,18,1989,7,10
702,Masters's Degree,Master of Business Administration,1989,8,25,1991,7,18
703,Bachelor's Degree,Bachelor of Science,2001,2,27,2006,5,10
704,Bachelor's Degree,Bachelor of Arts,2001,1,6,2005,12,13
705,Bachelor's Degree,Bachelor of Technology,2009,1,2,2013,12,11
706,Bachelor's Degree,Bachelor of Arts,1989,2,14,1994,12,15
706,Masters's Degree,Master of Science,1995,2,15,1997,12,14
707,Bachelor's Degree,Bachelor of Science,1987,9,1,1990,4,8
707,PhD Degree,PhD,1991,1,6,1996,12,15
708,Bachelor's Degree,BSc Engineering,2012,2,2,2016,12,18
709,Bachelor's Degree,BSc Engineering,2012,2,15,2017,12,9
710,Bachelor's Degree,Bachelor of Technology,1995,8,14,1999,5,7
711,Bachelor's Degree,BSc Engineering,1997,9,15,2000,12,19
711,PhD Degree,PhD,2001,1,22,2004,12,17
712,Bachelor's Degree,Bachelor of Technology,1997,8,27,2001,12,11
712,Masters's Degree,Master of Science,2002,8,2,2004,12,27
713,Bachelor's Degree,BSc Engineering,1998,8,10,2002,12,20
714,Bachelor's Degree,Bachelor of Science,2007,8,24,2010,12,20
715,Bachelor's Degree,BSc Engineering,1992,1,15,1996,12,12
715,Masters's Degree,Master of Business Administration,1997,1,27,1999,12,15
715,PhD Degree,Doctor of Business Administration,2000,2,16,2004,12,15
716,Bachelor's Degree,BSc Engineering,1992,8,9,1995,12,18
717,Bachelor's Degree,Bachelor of Arts,1992,9,2,1995,7,13
718,Bachelor's Degree,Bachelor of Science,2003,8,6,2006,12,13
719,Bachelor's Degree,Bachelor of Arts,1989,1,6,1993,5,14
720,Bachelor's Degree,Bachelor of Science,1994,2,23,1999,5,17
720,Masters's Degree,Master of Philosphy,1999,8,21,2001,5,23
721,Bachelor's Degree,Bachelor of Science,1988,8,3,1991,12,13
722,Bachelor's Degree,Bachelor of Arts,2007,8,27,2011,12,8
723,Bachelor's Degree,Bachelor of Arts,1987,1,14,1991,5,9
724,Bachelor's Degree,Bachelor of Arts,1984,1,11,1988,5,8
725,Bachelor's Degree,BSc Engineering,2003,1,19,2007,5,19
725,Masters's Degree,Master of Science,2007,8,21,2009,5,19
726,Bachelor's Degree,Bachelor of Arts,1986,9,6,1989,12,11
726,Masters's Degree,Master of Science,1990,9,22,1992,12,6
727,Bachelor's Degree,Bachelor of Science,1989,8,12,1992,4,20
728,Bachelor's Degree,BSc Engineering,1998,8,19,2001,5,10
728,Masters's Degree,Master of Science,2001,8,21,2005,5,19
729,Bachelor's Degree,Bachelor of Arts,1999,1,8,2003,12,9
730,Bachelor's Degree,Bachelor of Technology,1996,2,2,2001,12,16
731,Bachelor's Degree,BSc Engineering,1999,1,13,2003,12,10
732,Bachelor's Degree,Bachelor of Science,2006,8,3,2009,12,12
733,Bachelor's Degree,BSc Engineering,1992,1,1,1996,12,11
734,Bachelor's Degree,Bachelor of Technology,2007,9,5,2010,12,18
734,Masters's Degree,Master of Science,2011,9,10,2013,12,5
735,Bachelor's Degree,Bachelor of Technology,2005,1,28,2009,5,11
735,Masters's Degree,Master of Science,2009,8,3,2012,5,28
736,Bachelor's Degree,Bachelor of Arts,1994,2,25,1999,12,8
737,Bachelor's Degree,Bachelor of Arts,1989,2,14,1994,12,8
738,Bachelor's Degree,Bachelor of Technology,2005,9,18,2008,12,15
739,Bachelor's Degree,BSc Engineering,1983,8,28,1986,12,18
740,Bachelor's Degree,BSc Engineering,2002,2,7,2006,5,12
740,Masters's Degree,Master of Science,2006,8,6,2008,5,7
741,Bachelor's Degree,Bachelor of Science,1999,1,25,2003,12,8
741,Masters's Degree,Master of Business Administration,2004,1,1,2006,12,25
742,Bachelor's Degree,Bachelor of Arts,1997,9,4,2000,5,18
742,PhD Degree,Doctor of Business Administration,2002,5,18,2007,12,20
743,Bachelor's Degree,Bachelor of Science,1986,9,27,1989,4,19
743,Masters's Degree,Master of Philosphy,1989,8,13,1990,4,27
744,Bachelor's Degree,Bachelor of Arts,2012,9,28,2015,7,20
744,Masters's Degree,Master of Business Administration,2015,8,6,2017,7,28
745,Bachelor's Degree,BSc Engineering,2003,1,14,2007,12,20
745,Masters's Degree,Master of Business Administration,2008,1,2,2010,12,14
746,Bachelor's Degree,BSc Engineering,1987,1,14,1991,7,14
746,PhD Degree,PhD,1993,1,10,1998,5,7
747,Bachelor's Degree,Bachelor of Technology,1997,2,1,2001,5,10
748,Bachelor's Degree,Bachelor of Arts,2003,1,14,2007,12,11
749,Bachelor's Degree,Bachelor of Arts,1997,1,27,2001,5,16
749,Masters's Degree,Master of Business Administration,2001,8,21,2003,5,27
750,Bachelor's Degree,Bachelor of Arts,2006,1,12,2010,12,15
750,Masters's Degree,Master of Philosphy,2011,1,10,2013,12,12
751,Bachelor's Degree,Bachelor of Science,2005,1,19,2009,5,20
751,Masters's Degree,Master of Science,2009,8,4,2011,5,19
752,Bachelor's Degree,BSc Engineering,2009,1,11,2013,5,7
753,Bachelor's Degree,Bachelor of Science,1985,8,5,1989,5,9
753,Masters's Degree,Master of Science,1989,8,18,1991,5,5
754,Bachelor's Degree,Bachelor of Science,1998,8,1,2002,5,15
754,Masters's Degree,Master of Philosphy,2002,8,17,2004,5,1
754,PhD Degree,PhD,2004,8,5,2008,12,8
755,Bachelor's Degree,BSc Engineering,2004,8,18,2008,12,9
756,Bachelor's Degree,Bachelor of Arts,2006,1,9,2010,12,10
756,Masters's Degree,Master of Business Administration,2011,1,26,2012,12,9
757,Bachelor's Degree,BSc Engineering,2004,1,15,2008,5,8
758,Bachelor's Degree,Bachelor of Science,1996,1,1,2000,5,8
758,Masters's Degree,Master of Business Administration,2000,8,11,2002,5,1
759,Bachelor's Degree,BSc Engineering,2001,8,12,2004,12,17
760,Bachelor's Degree,Bachelor of Technology,2005,8,24,2008,5,10
760,PhD Degree,Doctor of Business Administration,2010,1,13,2014,12,15
761,Bachelor's Degree,Bachelor of Technology,1996,8,24,2000,12,9
762,Bachelor's Degree,Bachelor of Technology,1987,8,26,1991,12,18
763,Bachelor's Degree,Bachelor of Technology,1998,1,9,2002,12,12
764,Bachelor's Degree,Bachelor of Science,1991,1,20,1995,12,17
765,Bachelor's Degree,Bachelor of Technology,1982,1,7,1986,12,19
765,Masters's Degree,Master of Business Administration,1987,1,19,1989,12,7
766,Bachelor's Degree,BSc Engineering,1990,8,17,1993,4,18
766,Masters's Degree,Master of Philosphy,1993,8,27,1995,4,17
767,Bachelor's Degree,BSc Engineering,1987,8,15,1990,5,9
767,Masters's Degree,Master of Philosphy,1990,8,5,1992,5,15
767,PhD Degree,Doctor of Business Administration,1993,1,28,1997,5,15
768,Bachelor's Degree,Bachelor of Arts,1987,1,5,1991,5,11
769,Bachelor's Degree,Bachelor of Arts,1987,9,6,1990,5,20
770,Bachelor's Degree,Bachelor of Arts,1985,1,5,1989,5,15
770,Masters's Degree,Master of Philosphy,1989,8,9,1991,5,5
771,Bachelor's Degree,BSc Engineering,1982,2,1,1987,12,14
772,Bachelor's Degree,Bachelor of Science,1985,8,4,1988,12,9
772,PhD Degree,Doctor of Philosophy PhD,1990,2,24,1994,5,7
773,Bachelor's Degree,Bachelor of Arts,1984,9,9,1987,12,8
773,Masters's Degree,Master of Science,1988,9,15,1990,12,9
773,PhD Degree,Doctor of Philosophy PhD,1991,1,18,1996,4,19
774,Bachelor's Degree,Bachelor of Science,1989,1,19,1993,12,15
775,Bachelor's Degree,Bachelor of Technology,2009,8,25,2012,12,11
775,Masters's Degree,Master of Philosphy,2013,8,15,2015,12,25
776,Bachelor's Degree,Bachelor of Science,1983,8,21,1987,7,10
777,Bachelor's Degree,BSc Engineering,2011,1,6,2015,5,9
778,Bachelor's Degree,BSc Engineering,2010,1,12,2014,5,16
779,Bachelor's Degree,Bachelor of Arts,1994,1,27,1998,5,15
779,Masters's Degree,Master of Science,1998,8,28,1999,5,27
780,Bachelor's Degree,Bachelor of Technology,1987,1,10,1991,12,8
781,Bachelor's Degree,Bachelor of Technology,1991,8,11,1995,12,20
782,Bachelor's Degree,Bachelor of Science,2002,8,1,2006,12,8
783,Bachelor's Degree,Bachelor of Technology,1989,5,28,1996,12,20
783,Masters's Degree,Master of Science,1997,5,22,1998,12,28
784,Bachelor's Degree,BSc Engineering,2005,8,1,2009,4,19
784,Masters's Degree,Master of Science,2009,8,4,2011,4,1
785,Bachelor's Degree,Bachelor of Science,1988,1,9,1992,5,7
786,Bachelor's Degree,Bachelor of Technology,1988,1,21,1992,12,16
787,Bachelor's Degree,BSc Engineering,2000,1,2,2004,5,11
788,Bachelor's Degree,BSc Engineering,2003,1,10,2007,12,11
789,Bachelor's Degree,Bachelor of Arts,1998,1,25,2002,5,14
789,Masters's Degree,Master of Science,2002,8,21,2004,5,25
790,Bachelor's Degree,Bachelor of Arts,2004,8,16,2007,12,20
790,Masters's Degree,Master of Science,2008,8,23,2009,12,16
790,PhD Degree,PhD,2010,1,24,2014,5,18
791,Bachelor's Degree,Bachelor of Science,2005,1,25,2009,12,13
792,Bachelor's Degree,BSc Engineering,1996,1,18,2000,12,14
792,Masters's Degree,Master of Philosphy,2001,1,9,2002,12,18
793,Bachelor's Degree,BSc Engineering,1994,8,23,1998,12,14
794,Bachelor's Degree,Bachelor of Technology,1993,2,17,1997,12,12
795,Bachelor's Degree,BSc Engineering,1990,8,6,1993,12,13
796,Bachelor's Degree,Bachelor of Technology,2001,2,22,2005,12,13
797,Bachelor's Degree,Bachelor of Technology,1994,8,13,1997,12,18
798,Bachelor's Degree,BSc Engineering,1982,2,26,1987,12,8
798,Masters's Degree,Master of Science,1988,2,23,1990,12,26
799,Bachelor's Degree,Bachelor of Science,1989,1,11,1993,5,20
799,Masters's Degree,Master of Philosphy,1993,8,5,1995,5,11
800,Bachelor's Degree,BSc Engineering,1987,9,25,1990,12,12
801,Bachelor's Degree,BSc Engineering,2000,8,26,2004,12,20
802,Bachelor's Degree,Bachelor of Arts,2002,2,1,2006,12,16
802,Masters's Degree,Master of Science,2007,2,5,2009,12,1
803,Bachelor's Degree,Bachelor of Arts,1987,9,17,1990,12,18
804,Bachelor's Degree,Bachelor of Science,2000,8,16,2004,7,7
805,Bachelor's Degree,Bachelor of Science,2001,1,5,2005,12,14
806,Bachelor's Degree,Bachelor of Science,2001,9,25,2004,5,9
807,Bachelor's Degree,Bachelor of Arts,1987,1,3,1991,12,12
808,Bachelor's Degree,Bachelor of Technology,1985,1,28,1989,12,13
808,Masters's Degree,Master of Science,1990,1,1,1991,12,28
809,Bachelor's Degree,Bachelor of Technology,1987,8,3,1990,5,16
810,Bachelor's Degree,Bachelor of Arts,1982,8,25,1986,12,12
810,Masters's Degree,Master of Philosphy,1987,8,20,1989,12,25
810,PhD Degree,Doctor of Philosophy PhD,1992,1,20,1996,4,10
811,Bachelor's Degree,Bachelor of Arts,1985,2,19,1989,5,19
811,Masters's Degree,Master of Business Administration,1989,8,19,1991,5,19
812,Bachelor's Degree,Bachelor of Arts,2006,1,16,2010,4,15
812,Masters's Degree,Master of Business Administration,2010,8,26,2012,4,16
813,Bachelor's Degree,Bachelor of Arts,1993,2,17,1997,12,20
813,Masters's Degree,Master of Science,1998,2,15,2001,12,17
814,Bachelor's Degree,BSc Engineering,2009,8,20,2012,12,12
815,Bachelor's Degree,Bachelor of Technology,1996,1,7,2000,4,18
815,PhD Degree,PhD,2001,9,21,2005,12,16
816,Bachelor's Degree,Bachelor of Science,2008,1,20,2012,12,15
817,Bachelor's Degree,Bachelor of Technology,2010,8,13,2014,7,10
817,Masters's Degree,Master of Science,2014,8,2,2015,7,13
818,Bachelor's Degree,Bachelor of Arts,1987,1,18,1991,12,13
819,Bachelor's Degree,Bachelor of Arts,1994,8,24,1997,12,18
820,Bachelor's Degree,Bachelor of Technology,2008,1,1,2012,12,9
821,Bachelor's Degree,Bachelor of Technology,2004,1,6,2008,7,13
821,Masters's Degree,Master of Science,2008,8,27,2010,7,6
821,PhD Degree,Doctor of Philosophy PhD,2012,1,6,2017,12,7
822,Bachelor's Degree,Bachelor of Science,1986,1,14,1990,5,20
823,Bachelor's Degree,Bachelor of Arts,2008,2,1,2012,12,18
824,Bachelor's Degree,Bachelor of Technology,2001,8,12,2005,7,13
824,Masters's Degree,Master of Science,2005,8,24,2007,7,12
825,Bachelor's Degree,BSc Engineering,1991,2,17,1995,4,18
825,Masters's Degree,Master of Philosphy,1995,8,19,1996,4,17
826,Bachelor's Degree,Bachelor of Arts,2007,9,23,2010,5,8
826,PhD Degree,PhD,2013,8,8,2017,4,16
827,Bachelor's Degree,BSc Engineering,2001,1,15,2005,5,13
828,Bachelor's Degree,Bachelor of Arts,1993,1,11,1997,5,15
829,Bachelor's Degree,Bachelor of Technology,1984,9,14,1987,12,13
829,Masters's Degree,Master of Science,1988,9,18,1990,12,14
830,Bachelor's Degree,Bachelor of Science,2006,8,11,2009,4,11
830,Masters's Degree,Master of Science,2009,8,22,2011,4,11
831,Bachelor's Degree,BSc Engineering,1988,1,13,1992,12,10
833,Bachelor's Degree,Bachelor of Science,1986,8,4,1989,4,20
833,Masters's Degree,Master of Business Administration,1989,8,11,1991,4,4
834,Bachelor's Degree,BSc Engineering,2012,8,23,2015,12,12
834,Masters's Degree,Master of Science,2016,8,9,2018,12,23
835,Bachelor's Degree,Bachelor of Arts,2003,1,1,2007,5,20
836,Bachelor's Degree,BSc Engineering,2001,9,7,2004,7,16
837,Bachelor's Degree,Bachelor of Technology,1996,1,6,2000,4,9
838,Bachelor's Degree,Bachelor of Science,1993,1,26,1997,7,17
838,Masters's Degree,Master of Philosphy,1997,8,15,1999,7,26
838,PhD Degree,Doctor of Philosophy PhD,2000,8,10,2005,12,12
839,Bachelor's Degree,Bachelor of Science,2011,1,3,2015,5,13
840,Bachelor's Degree,Bachelor of Arts,2009,2,7,2014,12,13
840,Masters's Degree,Master of Business Administration,2015,2,6,2016,12,7
841,Bachelor's Degree,Bachelor of Arts,2011,8,22,2015,12,16
842,Bachelor's Degree,Bachelor of Technology,1990,8,19,1994,7,16
842,Masters's Degree,Master of Science,1994,8,14,1998,7,19
843,Bachelor's Degree,Bachelor of Arts,1993,1,23,1997,5,16
844,Bachelor's Degree,BSc Engineering,1987,2,23,1992,12,17
845,Bachelor's Degree,Bachelor of Science,2013,2,18,2018,12,14
846,Bachelor's Degree,Bachelor of Technology,2009,9,24,2012,7,8
846,Masters's Degree,Master of Philosphy,2012,8,6,2014,7,24
847,Bachelor's Degree,BSc Engineering,1987,8,25,1991,7,11
848,Bachelor's Degree,Bachelor of Arts,1999,8,25,2003,5,8
848,Masters's Degree,Master of Business Administration,2003,8,16,2004,5,25
849,Bachelor's Degree,Bachelor of Arts,1990,8,19,1994,5,18
849,Masters's Degree,Master of Science,1994,8,26,1995,5,19
850,Bachelor's Degree,BSc Engineering,1993,1,13,1997,5,19
851,Bachelor's Degree,Bachelor of Arts,1983,5,9,1990,12,14
851,Masters's Degree,Master of Science,1991,5,25,1993,12,9
852,Bachelor's Degree,Bachelor of Arts,1995,1,16,1999,7,16
853,Bachelor's Degree,Bachelor of Science,2010,2,12,2015,12,20
853,Masters's Degree,Master of Science,2016,2,9,2018,12,12
854,Bachelor's Degree,Bachelor of Science,1985,8,17,1988,12,15
854,Masters's Degree,Master of Philosphy,1989,8,3,1991,12,17
855,Bachelor's Degree,Bachelor of Science,1986,8,17,1989,7,15
856,Bachelor's Degree,Bachelor of Science,1985,1,15,1989,12,18
857,Bachelor's Degree,Bachelor of Science,1990,1,26,1994,7,18
857,PhD Degree,Doctor of Philosophy PhD,1997,1,4,2002,7,9
858,Bachelor's Degree,BSc Engineering,1990,8,23,1994,12,9
858,PhD Degree,Doctor of Philosophy PhD,1995,9,27,1999,12,12
859,Bachelor's Degree,Bachelor of Arts,2010,1,16,2014,12,11
859,PhD Degree,Doctor of Philosophy PhD,2015,5,13,2018,5,20
860,Bachelor's Degree,Bachelor of Science,2001,9,7,2004,12,10
860,Masters's Degree,Master of Science,2005,9,16,2007,12,7
861,Bachelor's Degree,Bachelor of Science,1995,8,6,1999,12,11
862,Bachelor's Degree,Bachelor of Arts,1995,1,10,1999,5,17
863,Bachelor's Degree,Bachelor of Arts,1996,8,6,1999,5,17
864,Bachelor's Degree,BSc Engineering,2005,8,6,2008,5,14
865,Bachelor's Degree,Bachelor of Science,2009,1,18,2013,12,9
866,Bachelor's Degree,Bachelor of Arts,1988,8,5,1992,7,11
867,Bachelor's Degree,Bachelor of Arts,1995,1,13,1999,12,12
867,Masters's Degree,Master of Science,2000,1,24,2001,12,13
868,Bachelor's Degree,Bachelor of Arts,2013,8,14,2017,12,10
869,Bachelor's Degree,Bachelor of Technology,1994,1,20,1998,12,9
870,Bachelor's Degree,Bachelor of Science,2007,8,6,2011,5,7
870,Masters's Degree,Master of Science,2011,8,14,2015,5,6
871,Bachelor's Degree,Bachelor of Science,1994,1,2,1998,4,20
871,Masters's Degree,Master of Science,1998,8,10,1999,4,2
872,Bachelor's Degree,Bachelor of Technology,1981,1,14,1985,5,11
873,Bachelor's Degree,Bachelor of Technology,1993,5,17,2000,12,12
874,Bachelor's Degree,Bachelor of Technology,2003,8,5,2006,4,12
875,Bachelor's Degree,BSc Engineering,1986,1,8,1990,7,12
876,Bachelor's Degree,Bachelor of Technology,2009,1,2,2013,4,8
877,Bachelor's Degree,Bachelor of Arts,2000,8,1,2003,5,17
877,Masters's Degree,Master of Philosphy,2003,8,24,2005,5,1
878,Bachelor's Degree,Bachelor of Science,1984,9,27,1987,12,16
879,Bachelor's Degree,Bachelor of Science,1999,8,18,2002,12,11
880,Bachelor's Degree,Bachelor of Arts,2005,8,26,2008,12,20
880,Masters's Degree,Master of Science,2009,8,11,2011,12,26
881,Bachelor's Degree,Bachelor of Arts,2003,1,13,2007,4,10
882,Bachelor's Degree,BSc Engineering,1996,8,21,1999,12,17
883,Bachelor's Degree,BSc Engineering,1998,8,27,2002,5,11
884,Bachelor's Degree,Bachelor of Technology,2005,1,27,2009,12,15
885,Bachelor's Degree,Bachelor of Technology,2004,8,27,2008,5,9
886,Bachelor's Degree,Bachelor of Science,1997,8,20,2000,12,12
887,Bachelor's Degree,Bachelor of Science,2002,8,5,2005,5,12
887,Masters's Degree,Master of Science,2005,8,17,2007,5,5
888,Bachelor's Degree,Bachelor of Arts,1981,1,7,1985,4,11
889,Bachelor's Degree,Bachelor of Technology,2012,9,20,2015,12,10
889,Masters's Degree,Master of Science,2016,9,19,2018,12,20
890,Bachelor's Degree,Bachelor of Arts,2006,9,10,2009,4,15
890,Masters's Degree,Master of Business Administration,2009,8,22,2011,4,10
891,Bachelor's Degree,Bachelor of Arts,1995,1,5,1999,12,13
892,Bachelor's Degree,Bachelor of Arts,1982,1,2,1986,4,9
893,Bachelor's Degree,BSc Engineering,1988,1,1,1992,12,7
894,Bachelor's Degree,Bachelor of Arts,2010,1,11,2014,12,14
895,Bachelor's Degree,Bachelor of Science,1992,1,17,1996,12,9
895,Masters's Degree,Master of Business Administration,1997,1,10,1999,12,17
896,Bachelor's Degree,Bachelor of Technology,2011,8,6,2014,7,17
897,Bachelor's Degree,BSc Engineering,1994,1,19,1998,7,11
897,Masters's Degree,Master of Science,1998,8,16,2000,7,19
898,Bachelor's Degree,BSc Engineering,1997,8,17,2001,5,15
899,Bachelor's Degree,Bachelor of Technology,2012,2,7,2016,5,8
900,Bachelor's Degree,Bachelor of Technology,1994,1,27,1998,5,11
901,Bachelor's Degree,BSc Engineering,2003,2,24,2007,4,18
902,Bachelor's Degree,Bachelor of Technology,1997,8,2,2000,12,16
903,Bachelor's Degree,Bachelor of Technology,1992,9,19,1995,12,18
903,Masters's Degree,Master of Science,1996,9,28,1997,12,19
904,Bachelor's Degree,Bachelor of Arts,2013,2,27,2017,5,11
905,Bachelor's Degree,Bachelor of Arts,2011,8,28,2015,12,19
906,Bachelor's Degree,BSc Engineering,1997,8,27,2000,12,8
906,Masters's Degree,Master of Philosphy,2001,8,11,2003,12,27
906,PhD Degree,Doctor of Philosophy PhD,2004,8,8,2008,12,14
907,Bachelor's Degree,Bachelor of Arts,2003,5,18,2010,5,18
908,Bachelor's Degree,Bachelor of Science,2006,2,7,2011,12,7
909,Bachelor's Degree,Bachelor of Arts,1995,1,17,1999,7,14
910,Bachelor's Degree,Bachelor of Science,2007,1,27,2011,7,10
911,Bachelor's Degree,Bachelor of Arts,1994,5,9,2001,5,13
912,Bachelor's Degree,Bachelor of Science,2007,1,13,2011,7,12
913,Bachelor's Degree,Bachelor of Technology,1999,8,16,2003,7,17
914,Bachelor's Degree,Bachelor of Arts,2001,1,1,2005,5,13
915,Bachelor's Degree,BSc Engineering,1997,9,2,2000,7,15
916,Bachelor's Degree,BSc Engineering,2000,1,26,2004,12,9
916,Masters's Degree,Master of Business Administration,2005,1,20,2006,12,26
917,Bachelor's Degree,Bachelor of Science,1985,1,17,1989,12,10
918,Bachelor's Degree,Bachelor of Technology,2000,8,15,2004,12,9
919,Bachelor's Degree,Bachelor of Arts,2006,8,13,2009,5,9
920,Bachelor's Degree,Bachelor of Arts,2006,8,19,2009,4,12
921,Bachelor's Degree,Bachelor of Technology,1991,8,27,1995,12,7
921,Masters's Degree,Master of Science,1996,8,17,1998,12,27
922,Bachelor's Degree,Bachelor of Arts,2001,2,16,2006,12,10
923,Bachelor's Degree,Bachelor of Science,1983,1,18,1987,12,14
924,Bachelor's Degree,Bachelor of Arts,1983,1,27,1987,12,9
924,Masters's Degree,Master of Business Administration,1988,1,13,1990,12,27
925,Bachelor's Degree,Bachelor of Arts,1984,1,6,1988,5,13
926,Bachelor's Degree,BSc Engineering,2001,9,14,2004,4,11
927,Bachelor's Degree,Bachelor of Science,2002,1,28,2006,5,13
927,Masters's Degree,Master of Science,2006,8,10,2008,5,28
928,Bachelor's Degree,Bachelor of Arts,1994,1,1,1998,5,8
929,Bachelor's Degree,Bachelor of Science,2004,2,13,2009,12,8
930,Bachelor's Degree,Bachelor of Arts,2000,8,27,2003,5,13
930,Masters's Degree,Master of Philosphy,2003,8,14,2005,5,27
931,Bachelor's Degree,BSc Engineering,1989,9,16,1992,5,8
931,Masters's Degree,Master of Science,1992,8,19,1994,5,16
932,Bachelor's Degree,Bachelor of Technology,2000,8,24,2004,5,12
932,Masters's Degree,Master of Science,2004,8,3,2007,5,24
933,Bachelor's Degree,Bachelor of Technology,1992,1,7,1996,12,15
933,PhD Degree,Doctor of Business Administration,1997,1,6,2001,5,9
934,Bachelor's Degree,Bachelor of Science,1988,1,4,1992,5,12
934,Masters's Degree,Master of Business Administration,1992,8,6,1994,5,4
934,PhD Degree,Doctor of Business Administration,1994,8,12,1998,12,18
935,Bachelor's Degree,Bachelor of Science,1996,8,13,2000,12,16
935,Masters's Degree,Master of Science,2001,8,19,2005,12,13
935,PhD Degree,PhD,2006,1,5,2009,5,8
936,Bachelor's Degree,BSc Engineering,2009,8,7,2012,12,11
937,Bachelor's Degree,BSc Engineering,1992,2,24,1997,5,13
938,Bachelor's Degree,Bachelor of Arts,2007,8,22,2010,12,10
939,Bachelor's Degree,Bachelor of Technology,1986,1,2,1990,4,10
939,Masters's Degree,Master of Business Administration,1990,8,21,1992,4,2
940,Bachelor's Degree,Bachelor of Arts,2001,9,12,2004,12,9
941,Bachelor's Degree,Bachelor of Technology,1983,2,22,1988,12,20
942,Bachelor's Degree,Bachelor of Technology,2010,1,8,2014,12,20
942,Masters's Degree,Master of Philosphy,2015,1,12,2017,12,8
943,Bachelor's Degree,Bachelor of Technology,2007,1,19,2011,4,14
944,Bachelor's Degree,Bachelor of Science,2007,9,13,2010,5,17
944,Masters's Degree,Master of Business Administration,2010,8,17,2011,5,13
945,Bachelor's Degree,Bachelor of Science,1994,8,8,1997,12,17
945,Masters's Degree,Master of Business Administration,1998,8,20,2000,12,8
946,Bachelor's Degree,Bachelor of Arts,1992,1,22,1996,12,19
947,Bachelor's Degree,Bachelor of Arts,1991,1,1,1995,12,11
948,Bachelor's Degree,Bachelor of Technology,1990,2,17,1994,12,11
948,Masters's Degree,Master of Business Administration,1995,2,11,1997,12,17
949,Bachelor's Degree,Bachelor of Technology,1989,8,13,1993,12,11
949,Masters's Degree,Master of Science,1994,8,5,1996,12,13
951,Bachelor's Degree,Bachelor of Technology,1989,1,17,1993,5,7
952,Bachelor's Degree,BSc Engineering,1996,8,28,1999,12,7
952,Masters's Degree,Master of Business Administration,2000,8,22,2002,12,28
953,Bachelor's Degree,Bachelor of Technology,2009,8,28,2013,7,17
953,Masters's Degree,Master of Science,2013,8,7,2015,7,28
954,Bachelor's Degree,Bachelor of Technology,2010,1,10,2014,12,18
955,Bachelor's Degree,Bachelor of Technology,2012,1,23,2016,12,10
956,Bachelor's Degree,Bachelor of Arts,1990,1,16,1994,7,16
957,Bachelor's Degree,Bachelor of Technology,1999,2,22,2004,4,20
957,Masters's Degree,Master of Philosphy,2004,8,17,2006,4,22
958,Bachelor's Degree,Bachelor of Arts,2001,8,7,2004,5,17
958,PhD Degree,PhD,2007,1,10,2010,12,7
959,Bachelor's Degree,Bachelor of Arts,1984,1,18,1988,5,19
959,Masters's Degree,Master of Philosphy,1988,8,12,1990,5,18
960,Bachelor's Degree,Bachelor of Technology,1990,8,23,1993,12,13
961,Bachelor's Degree,Bachelor of Technology,1997,1,12,2001,12,20
962,Bachelor's Degree,Bachelor of Technology,2013,1,6,2017,5,15
962,Masters's Degree,Master of Philosphy,2017,8,28,2018,5,6
963,Bachelor's Degree,Bachelor of Arts,1998,1,28,2002,7,9
963,Masters's Degree,Master of Business Administration,2002,8,23,2004,7,28
963,PhD Degree,Doctor of Philosophy PhD,2005,2,17,2008,4,14
964,Bachelor's Degree,Bachelor of Arts,2002,1,11,2006,4,9
965,Bachelor's Degree,BSc Engineering,1988,1,22,1992,5,9
966,Bachelor's Degree,Bachelor of Technology,1983,9,19,1986,5,7
967,Bachelor's Degree,Bachelor of Arts,1987,1,17,1991,5,12
967,Masters's Degree,Master of Science,1991,8,6,1993,5,17
967,PhD Degree,Doctor of Philosophy PhD,1996,2,1,2001,12,12
968,Bachelor's Degree,BSc Engineering,1989,8,15,1992,5,14
969,Bachelor's Degree,BSc Engineering,1988,9,18,1991,12,8
969,Masters's Degree,Master of Business Administration,1992,9,10,1994,12,18
970,Bachelor's Degree,Bachelor of Arts,1999,2,4,2003,12,18
970,Masters's Degree,Master of Science,2004,2,9,2006,12,4
971,Bachelor's Degree,Bachelor of Science,1992,1,11,1996,7,13
971,Masters's Degree,Master of Philosphy,1996,8,7,1997,7,11
971,PhD Degree,PhD,1997,8,15,2000,5,13
972,Bachelor's Degree,BSc Engineering,2004,2,18,2009,5,12
972,PhD Degree,PhD,2012,1,27,2017,12,8
973,Bachelor's Degree,Bachelor of Arts,1998,8,22,2002,5,14
973,Masters's Degree,Master of Science,2002,8,12,2004,5,22
974,Bachelor's Degree,Bachelor of Science,1993,1,1,1997,4,14
974,Masters's Degree,Master of Science,1997,8,23,1998,4,1
975,Bachelor's Degree,BSc Engineering,1989,1,26,1993,12,13
976,Bachelor's Degree,BSc Engineering,2006,8,17,2009,12,16
977,Bachelor's Degree,Bachelor of Technology,1985,1,11,1989,12,7
977,PhD Degree,PhD,1991,8,4,1996,4,10
978,Bachelor's Degree,Bachelor of Technology,1991,8,26,1994,12,11
978,Masters's Degree,Master of Philosphy,1995,8,11,1997,12,26
978,PhD Degree,Doctor of Business Administration,1999,1,28,2004,12,13
979,Bachelor's Degree,BSc Engineering,1987,1,28,1991,7,19
980,Bachelor's Degree,Bachelor of Technology,1992,1,15,1996,5,9
980,Masters's Degree,Master of Philosphy,1996,8,13,1998,5,15
981,Bachelor's Degree,Bachelor of Arts,1993,1,19,1997,12,9
982,Bachelor's Degree,Bachelor of Arts,1987,1,16,1991,12,18
983,Bachelor's Degree,BSc Engineering,1982,8,25,1986,12,12
984,Bachelor's Degree,Bachelor of Science,2009,9,9,2012,12,10
985,Bachelor's Degree,BSc Engineering,1987,8,2,1991,12,17
985,PhD Degree,Doctor of Philosophy PhD,1993,2,22,1997,12,17
986,Bachelor's Degree,Bachelor of Arts,1997,9,11,2000,5,12
987,Bachelor's Degree,Bachelor of Arts,2001,9,24,2004,7,12
988,Bachelor's Degree,Bachelor of Arts,2009,1,3,2013,4,14
989,Bachelor's Degree,BSc Engineering,2007,1,7,2011,12,14
990,Bachelor's Degree,Bachelor of Science,1986,1,28,1990,4,13
991,Bachelor's Degree,Bachelor of Science,2004,9,4,2007,5,8
992,Bachelor's Degree,Bachelor of Arts,1993,1,7,1997,12,13
993,Bachelor's Degree,Bachelor of Technology,1987,8,10,1991,5,9
994,Bachelor's Degree,Bachelor of Technology,1990,1,20,1994,5,16
995,Bachelor's Degree,BSc Engineering,2010,1,8,2014,12,8
996,Bachelor's Degree,Bachelor of Science,2005,8,2,2008,12,17
997,Bachelor's Degree,Bachelor of Technology,1983,8,12,1987,5,20
998,Bachelor's Degree,Bachelor of Science,1989,1,11,1993,4,19
998,Masters's Degree,Master of Philosphy,1993,8,2,1995,4,11
999,Bachelor's Degree,Bachelor of Science,2013,8,17,2017,5,13
1000,Bachelor's Degree,Bachelor of Arts,2003,1,17,2007,12,20
