id,end_year,end_month,job_title,department
1,2010,3,Backend Engineer II,IT Department
2,2011,12,Frontend Engineer II,IT Department
3,2016,10,Data Analyst II,Analytics Department
4,2016,9,Frontend Engineer II,IT Department
5,2012,2,Backend Engineer II,IT Department
6,2017,11,Backend Engineer II,IT Department
7,2011,11,Data Analyst II,Analytics Department
8,2012,8,Backend Engineer II,IT Department
9,2015,9,Manager,Administration Department
10,2011,2,Associate Frontend Engineer,IT Department
11,2010,8,Backend Engineer II,IT Department
12,2011,11,Manager,Administration Department
13,2008,2,Associate Data Analyst,Analytics Department
14,2013,11,Associate Data Analyst,Analytics Department
16,2016,4,Backend Engineer II,IT Department
17,2011,7,Associate Data Analyst,Analytics Department
18,2009,1,Associate Frontend Engineer,IT Department
19,2014,12,Associate Backend Engineer,IT Department
20,2011,12,Backend Engineer II,IT Department
21,2010,10,Frontend Engineer II,IT Department
22,2015,8,Data Analyst II,Analytics Department
23,2016,9,Backend Engineer II,IT Department
24,2016,12,Data Analyst II,Analytics Department
25,2012,5,Associate Frontend Engineer,IT Department
26,2012,5,Associate Data Analyst,Analytics Department
27,2011,9,Associate Backend Engineer,IT Department
28,2015,11,Frontend Engineer II,IT Department
29,2011,3,Associate Data Analyst,Analytics Department
30,2009,8,Associate Backend Engineer,IT Department
31,2014,11,Associate Backend Engineer,IT Department
32,2009,9,Backend Engineer,IT Department
33,2008,9,Associate Frontend Engineer,IT Department
34,2011,6,Associate Backend Engineer,IT Department
35,2009,5,Associate Backend Engineer,IT Department
36,2012,10,Associate Data Analyst,Analytics Department
37,2011,2,Data Analyst II,Analytics Department
38,2011,9,Backend Engineer II,IT Department
39,2010,8,Frontend Engineer II,IT Department
40,2011,5,Backend Engineer II,IT Department
41,2011,7,Associate Frontend Engineer,IT Department
42,2015,3,Associate Data Analyst,Analytics Department
43,2006,3,Associate Data Analyst,Analytics Department
44,2005,9,Associate Backend Engineer,IT Department
45,2012,12,Associate Backend Engineer,IT Department
46,2016,10,Frontend Engineer II,IT Department
47,2013,10,Associate Data Analyst,Analytics Department
48,2006,4,Associate Backend Engineer,IT Department
49,2011,4,Associate Backend Engineer,IT Department
50,2012,10,Associate Data Analyst,Analytics Department
51,2011,11,Backend Engineer II,IT Department
52,2008,2,Backend Engineer,IT Department
53,2012,5,Manager,Administration Department
54,2016,9,Backend Engineer II,IT Department
55,2011,4,Associate Data Analyst,Analytics Department
57,2011,7,Data Analyst II,Analytics Department
58,2008,3,Associate Manager,Administration Department
59,2009,4,Associate Backend Engineer,IT Department
60,2010,5,Manager,Administration Department
61,2010,1,Backend Engineer II,IT Department
63,2010,4,Data Analyst II,Analytics Department
64,2011,1,Associate Backend Engineer,IT Department
65,2014,3,Associate Data Analyst,Analytics Department
66,2012,12,Data Analyst II,Analytics Department
67,2015,6,Associate Frontend Engineer,IT Department
68,2011,4,Backend Engineer II,IT Department
69,2013,3,Associate Backend Engineer,IT Department
70,2010,11,Data Analyst II,Analytics Department
71,2012,3,Associate Backend Engineer,IT Department
72,2016,2,Data Analyst II,Analytics Department
73,2008,11,Backend Engineer,IT Department
74,2010,4,Associate Data Analyst,Analytics Department
75,2006,12,Associate Frontend Engineer,IT Department
76,2010,4,Data Analyst II,Analytics Department
77,2006,10,Associate Data Analyst,Analytics Department
78,2008,3,Associate Backend Engineer,IT Department
79,2016,2,Data Analyst II,Analytics Department
80,2007,5,Associate Frontend Engineer,IT Department
81,2015,9,Associate Backend Engineer,IT Department
82,2009,5,Associate Backend Engineer,IT Department
84,2010,8,Backend Engineer II,IT Department
85,2005,8,Associate Data Analyst,Analytics Department
86,2012,6,Data Analyst II,Analytics Department
87,2006,5,Associate Backend Engineer,IT Department
88,2010,1,Associate Data Analyst,Analytics Department
89,2009,3,Associate Backend Engineer,IT Department
90,2008,12,Backend Engineer,IT Department
91,2006,4,Associate Manager,Administration Department
93,2012,5,Backend Engineer II,IT Department
95,2011,6,Frontend Engineer II,IT Department
96,2011,7,Backend Engineer II,IT Department
97,2010,8,Backend Engineer II,IT Department
98,2015,12,Data Analyst II,Analytics Department
99,2011,3,Data Analyst II,Analytics Department
100,2014,7,Associate Backend Engineer,IT Department
101,2011,12,Associate Backend Engineer,IT Department
102,2013,12,Associate Data Analyst,Analytics Department
103,2008,3,Associate Backend Engineer,IT Department
105,2010,8,Backend Engineer II,IT Department
106,2015,1,Associate Backend Engineer,IT Department
107,2012,9,Frontend Engineer II,IT Department
108,2011,10,Data Analyst II,Analytics Department
109,2015,7,Associate Frontend Engineer,IT Department
110,2005,2,Associate Backend Engineer,IT Department
111,2015,8,Backend Engineer II,IT Department
112,2009,12,Associate Backend Engineer,IT Department
113,2011,10,Data Analyst II,Analytics Department
114,2009,1,Associate Backend Engineer,IT Department
115,2011,9,Associate Backend Engineer,IT Department
117,2017,10,Backend Engineer II,IT Department
118,2011,5,Associate Backend Engineer,IT Department
119,2015,11,Associate Frontend Engineer,IT Department
120,2016,9,Data Analyst II,Analytics Department
121,2014,10,Associate Backend Engineer,IT Department
122,2008,1,Associate Frontend Engineer,IT Department
123,2017,1,Frontend Engineer II,IT Department
124,2013,8,Associate Backend Engineer,IT Department
125,2011,1,Backend Engineer II,IT Department
126,2010,2,Associate Manager,Administration Department
127,2009,8,Frontend Engineer,IT Department
128,2011,12,Associate Frontend Engineer,IT Department
129,2012,9,Frontend Engineer II,IT Department
130,2010,4,Associate Data Analyst,Analytics Department
131,2009,10,Associate Data Analyst,Analytics Department
132,2014,12,Associate Data Analyst,Analytics Department
133,2011,11,Backend Engineer II,IT Department
134,2005,7,Associate Data Analyst,Analytics Department
135,2011,4,Backend Engineer II,IT Department
136,2009,2,Backend Engineer,IT Department
137,2011,9,Data Analyst II,Analytics Department
138,2011,7,Associate Data Analyst,Analytics Department
139,2014,8,Associate Frontend Engineer,IT Department
140,2014,11,Data Analyst II,Analytics Department
141,2013,3,Associate Manager,Administration Department
142,2011,6,Associate Manager,Administration Department
143,2010,1,Frontend Engineer II,IT Department
144,2010,4,Backend Engineer II,IT Department
145,2015,2,Backend Engineer II,IT Department
146,2010,8,Associate Data Analyst,Analytics Department
147,2017,3,Backend Engineer II,IT Department
148,2009,6,Associate Data Analyst,Analytics Department
149,2011,2,Associate Data Analyst,Analytics Department
150,2006,8,Associate Data Analyst,Analytics Department
151,2011,4,Backend Engineer II,IT Department
152,2006,4,Associate Data Analyst,Analytics Department
153,2010,11,Associate Data Analyst,Analytics Department
154,2010,7,Associate Frontend Engineer,IT Department
155,2010,2,Manager,Administration Department
156,2011,1,Associate Manager,Administration Department
157,2011,12,Data Analyst II,Analytics Department
159,2008,9,Associate Backend Engineer,IT Department
160,2010,12,Associate Frontend Engineer,IT Department
162,2010,2,Associate Manager,Administration Department
163,2014,2,Associate Backend Engineer,IT Department
164,2010,8,Associate Data Analyst,Analytics Department
165,2011,6,Backend Engineer II,IT Department
166,2012,4,Frontend Engineer II,IT Department
167,2011,3,Frontend Engineer II,IT Department
168,2010,4,Associate Backend Engineer,IT Department
169,2008,4,Data Analyst,Analytics Department
170,2008,2,Associate Data Analyst,Analytics Department
171,2012,12,Backend Engineer II,IT Department
172,2015,8,Backend Engineer II,IT Department
173,2010,7,Associate Backend Engineer,IT Department
174,2011,12,Backend Engineer II,IT Department
175,2013,9,Associate Frontend Engineer,IT Department
176,2011,11,Associate Backend Engineer,IT Department
177,2011,11,Data Analyst II,Analytics Department
178,2011,8,Associate Backend Engineer,IT Department
179,2013,9,Associate Data Analyst,Analytics Department
181,2008,7,Associate Backend Engineer,IT Department
182,2008,12,Associate Data Analyst,Analytics Department
183,2016,7,Data Analyst II,Analytics Department
184,2013,4,Associate Frontend Engineer,IT Department
185,2012,12,Manager,Administration Department
186,2015,4,Associate Backend Engineer,IT Department
188,2009,11,Associate Backend Engineer,IT Department
189,2009,5,Associate Frontend Engineer,IT Department
190,2007,1,Associate Data Analyst,Analytics Department
191,2016,10,Backend Engineer II,IT Department
192,2006,3,Associate Frontend Engineer,IT Department
193,2010,2,Associate Backend Engineer,IT Department
194,2013,7,Associate Data Analyst,Analytics Department
195,2011,9,Data Analyst II,Analytics Department
196,2015,7,Associate Data Analyst,Analytics Department
197,2015,6,Data Analyst II,Analytics Department
198,2012,2,Manager,Administration Department
199,2011,6,Backend Engineer II,IT Department
200,2016,7,Backend Engineer II,IT Department
201,2013,9,Associate Backend Engineer,IT Department
202,2007,4,Associate Frontend Engineer,IT Department
203,2011,1,Backend Engineer II,IT Department
204,2015,6,Backend Engineer II,IT Department
205,2011,5,Manager,Administration Department
206,2016,10,Manager,Administration Department
207,2012,4,Data Analyst II,Analytics Department
208,2015,2,Backend Engineer II,IT Department
209,2011,10,Associate Data Analyst,Analytics Department
210,2010,7,Backend Engineer II,IT Department
211,2008,8,Associate Data Analyst,Analytics Department
212,2012,12,Backend Engineer II,IT Department
213,2015,8,Frontend Engineer II,IT Department
214,2007,8,Associate Backend Engineer,IT Department
215,2010,8,Associate Frontend Engineer,IT Department
216,2012,7,Associate Backend Engineer,IT Department
217,2016,7,Backend Engineer II,IT Department
220,2010,5,Associate Frontend Engineer,IT Department
221,2015,6,Associate Backend Engineer,IT Department
222,2010,8,Associate Data Analyst,Analytics Department
223,2011,1,Backend Engineer II,IT Department
224,2011,7,Backend Engineer II,IT Department
225,2013,8,Associate Backend Engineer,IT Department
226,2009,11,Associate Backend Engineer,IT Department
227,2013,9,Associate Backend Engineer,IT Department
228,2010,3,Frontend Engineer II,IT Department
229,2007,4,Associate Manager,Administration Department
230,2010,11,Backend Engineer II,IT Department
231,2007,10,Associate Data Analyst,Analytics Department
232,2011,3,Associate Backend Engineer,IT Department
233,2009,3,Associate Data Analyst,Analytics Department
234,2017,7,Frontend Engineer II,IT Department
235,2016,10,Backend Engineer II,IT Department
236,2007,6,Associate Backend Engineer,IT Department
237,2016,5,Backend Engineer II,IT Department
238,2011,11,Data Analyst II,Analytics Department
239,2015,1,Frontend Engineer II,IT Department
240,2014,3,Associate Data Analyst,Analytics Department
241,2010,4,Data Analyst II,Analytics Department
242,2011,1,Backend Engineer II,IT Department
243,2009,6,Associate Manager,Administration Department
244,2015,11,Data Analyst II,Analytics Department
245,2011,3,Data Analyst II,Analytics Department
246,2011,7,Data Analyst II,Analytics Department
247,2016,8,Manager,Administration Department
248,2012,3,Data Analyst II,Analytics Department
249,2012,6,Data Analyst II,Analytics Department
250,2017,9,Backend Engineer II,IT Department
251,2012,9,Data Analyst II,Analytics Department
252,2008,10,Associate Frontend Engineer,IT Department
253,2011,12,Manager,Administration Department
254,2011,8,Associate Frontend Engineer,IT Department
255,2011,9,Associate Frontend Engineer,IT Department
257,2016,7,Frontend Engineer II,IT Department
258,2009,3,Data Analyst,Analytics Department
260,2010,4,Associate Backend Engineer,IT Department
261,2011,8,Backend Engineer II,IT Department
262,2012,1,Backend Engineer II,IT Department
263,2012,9,Data Analyst II,Analytics Department
264,2012,6,Data Analyst II,Analytics Department
265,2013,12,Associate Frontend Engineer,IT Department
267,2011,2,Associate Backend Engineer,IT Department
268,2011,6,Associate Data Analyst,Analytics Department
269,2017,10,Frontend Engineer II,IT Department
270,2013,7,Associate Data Analyst,Analytics Department
271,2011,7,Backend Engineer II,IT Department
272,2011,5,Data Analyst II,Analytics Department
274,2011,12,Associate Data Analyst,Analytics Department
275,2010,9,Associate Manager,Administration Department
276,2016,8,Backend Engineer II,IT Department
277,2009,7,Associate Data Analyst,Analytics Department
278,2012,7,Data Analyst II,Analytics Department
279,2011,11,Associate Backend Engineer,IT Department
280,2014,4,Associate Frontend Engineer,IT Department
281,2006,8,Associate Backend Engineer,IT Department
282,2007,12,Associate Frontend Engineer,IT Department
283,2010,4,Associate Frontend Engineer,IT Department
284,2016,6,Backend Engineer II,IT Department
285,2015,1,Associate Backend Engineer,IT Department
286,2016,5,Data Analyst II,Analytics Department
287,2008,9,Associate Frontend Engineer,IT Department
288,2012,8,Associate Backend Engineer,IT Department
289,2014,6,Associate Data Analyst,Analytics Department
290,2012,5,Associate Frontend Engineer,IT Department
291,2008,5,Associate Manager,Administration Department
292,2011,11,Backend Engineer II,IT Department
293,2011,8,Associate Backend Engineer,IT Department
294,2009,12,Data Analyst,Analytics Department
295,2012,4,Backend Engineer II,IT Department
297,2015,2,Frontend Engineer II,IT Department
298,2009,7,Associate Data Analyst,Analytics Department
299,2014,12,Associate Data Analyst,Analytics Department
300,2017,4,Data Analyst II,Analytics Department
301,2010,12,Associate Data Analyst,Analytics Department
302,2015,3,Associate Backend Engineer,IT Department
303,2014,12,Manager,Administration Department
304,2009,11,Associate Data Analyst,Analytics Department
305,2009,12,Data Analyst,Analytics Department
306,2015,9,Frontend Engineer II,IT Department
307,2009,4,Associate Data Analyst,Analytics Department
308,2017,1,Frontend Engineer II,IT Department
309,2010,12,Backend Engineer II,IT Department
310,2009,12,Associate Backend Engineer,IT Department
311,2014,11,Associate Manager,Administration Department
312,2009,6,Associate Data Analyst,Analytics Department
313,2009,9,Data Analyst,Analytics Department
314,2011,6,Data Analyst II,Analytics Department
315,2010,7,Associate Frontend Engineer,IT Department
316,2011,7,Backend Engineer II,IT Department
317,2011,6,Associate Data Analyst,Analytics Department
318,2010,5,Data Analyst II,Analytics Department
319,2011,3,Backend Engineer II,IT Department
320,2009,1,Associate Backend Engineer,IT Department
321,2016,8,Data Analyst II,Analytics Department
322,2011,8,Backend Engineer II,IT Department
323,2012,5,Associate Backend Engineer,IT Department
324,2015,8,Associate Backend Engineer,IT Department
325,2009,5,Associate Data Analyst,Analytics Department
326,2010,2,Backend Engineer II,IT Department
327,2005,9,Associate Data Analyst,Analytics Department
328,2010,8,Backend Engineer II,IT Department
329,2009,11,Associate Data Analyst,Analytics Department
331,2007,9,Associate Data Analyst,Analytics Department
333,2017,9,Frontend Engineer II,IT Department
334,2015,9,Data Analyst II,Analytics Department
335,2011,5,Backend Engineer II,IT Department
336,2012,5,Associate Frontend Engineer,IT Department
337,2012,5,Data Analyst II,Analytics Department
339,2006,2,Associate Backend Engineer,IT Department
340,2009,4,Frontend Engineer,IT Department
341,2012,10,Manager,Administration Department
342,2014,6,Backend Engineer II,IT Department
343,2012,2,Associate Frontend Engineer,IT Department
344,2011,12,Frontend Engineer II,IT Department
345,2017,4,Backend Engineer II,IT Department
346,2011,9,Associate Backend Engineer,IT Department
347,2009,11,Associate Data Analyst,Analytics Department
348,2015,7,Data Analyst II,Analytics Department
349,2017,2,Data Analyst II,Analytics Department
350,2009,2,Associate Backend Engineer,IT Department
351,2008,1,Associate Backend Engineer,IT Department
352,2016,4,Backend Engineer II,IT Department
353,2011,10,Backend Engineer II,IT Department
355,2010,3,Data Analyst II,Analytics Department
356,2017,4,Data Analyst II,Analytics Department
357,2009,7,Backend Engineer,IT Department
358,2007,5,Associate Data Analyst,Analytics Department
359,2007,1,Associate Backend Engineer,IT Department
360,2008,4,Backend Engineer,IT Department
361,2015,12,Frontend Engineer II,IT Department
362,2012,11,Associate Data Analyst,Analytics Department
363,2006,9,Associate Data Analyst,Analytics Department
364,2013,9,Associate Backend Engineer,IT Department
365,2016,11,Backend Engineer II,IT Department
366,2017,8,Data Analyst II,Analytics Department
368,2016,8,Backend Engineer II,IT Department
369,2017,12,Backend Engineer II,IT Department
370,2009,9,Associate Data Analyst,Analytics Department
371,2014,3,Associate Data Analyst,Analytics Department
372,2015,7,Backend Engineer II,IT Department
373,2017,4,Backend Engineer II,IT Department
374,2017,4,Data Analyst II,Analytics Department
375,2017,4,Data Analyst II,Analytics Department
376,2011,1,Associate Backend Engineer,IT Department
377,2012,10,Data Analyst II,Analytics Department
378,2011,9,Associate Data Analyst,Analytics Department
379,2009,5,Associate Data Analyst,Analytics Department
380,2012,5,Backend Engineer II,IT Department
381,2013,1,Associate Frontend Engineer,IT Department
383,2010,2,Associate Data Analyst,Analytics Department
384,2011,9,Backend Engineer II,IT Department
385,2015,10,Data Analyst II,Analytics Department
386,2005,2,Associate Data Analyst,Analytics Department
387,2011,2,Associate Data Analyst,Analytics Department
388,2017,9,Data Analyst II,Analytics Department
389,2011,8,Data Analyst II,Analytics Department
390,2014,8,Associate Data Analyst,Analytics Department
391,2010,7,Backend Engineer II,IT Department
392,2015,8,Associate Frontend Engineer,IT Department
393,2009,2,Associate Data Analyst,Analytics Department
394,2012,8,Backend Engineer II,IT Department
395,2008,12,Associate Frontend Engineer,IT Department
396,2011,4,Manager,Administration Department
397,2011,3,Data Analyst II,Analytics Department
398,2017,9,Data Analyst II,Analytics Department
399,2005,9,Associate Data Analyst,Analytics Department
400,2012,3,Backend Engineer II,IT Department
401,2017,9,Frontend Engineer II,IT Department
402,2008,10,Associate Backend Engineer,IT Department
403,2011,12,Data Analyst II,Analytics Department
404,2011,12,Backend Engineer II,IT Department
405,2017,9,Data Analyst II,Analytics Department
406,2012,9,Data Analyst II,Analytics Department
407,2011,7,Backend Engineer II,IT Department
408,2011,3,Data Analyst II,Analytics Department
409,2010,5,Backend Engineer II,IT Department
410,2010,12,Backend Engineer II,IT Department
411,2011,4,Associate Backend Engineer,IT Department
412,2010,11,Associate Backend Engineer,IT Department
413,2017,3,Backend Engineer II,IT Department
414,2011,10,Backend Engineer II,IT Department
415,2017,3,Backend Engineer II,IT Department
416,2016,3,Data Analyst II,Analytics Department
417,2007,12,Associate Frontend Engineer,IT Department
418,2006,4,Associate Backend Engineer,IT Department
419,2011,3,Data Analyst II,Analytics Department
420,2006,8,Associate Frontend Engineer,IT Department
421,2012,7,Backend Engineer II,IT Department
422,2010,6,Backend Engineer II,IT Department
423,2007,10,Associate Backend Engineer,IT Department
424,2009,5,Associate Backend Engineer,IT Department
425,2007,3,Associate Data Analyst,Analytics Department
426,2011,12,Associate Backend Engineer,IT Department
427,2009,4,Associate Data Analyst,Analytics Department
428,2013,7,Associate Backend Engineer,IT Department
429,2007,6,Associate Backend Engineer,IT Department
430,2016,4,Data Analyst II,Analytics Department
431,2014,11,Backend Engineer II,IT Department
432,2008,9,Associate Backend Engineer,IT Department
433,2009,1,Data Analyst,Analytics Department
434,2012,9,Data Analyst II,Analytics Department
435,2013,10,Backend Engineer II,IT Department
437,2010,5,Associate Manager,Administration Department
438,2015,4,Associate Data Analyst,Analytics Department
439,2011,5,Backend Engineer II,IT Department
441,2011,10,Associate Backend Engineer,IT Department
442,2010,7,Associate Frontend Engineer,IT Department
443,2010,2,Associate Manager,Administration Department
444,2009,1,Associate Data Analyst,Analytics Department
445,2008,3,Associate Frontend Engineer,IT Department
446,2008,10,Associate Data Analyst,Analytics Department
447,2007,1,Associate Frontend Engineer,IT Department
448,2016,2,Backend Engineer II,IT Department
449,2009,10,Associate Backend Engineer,IT Department
450,2007,2,Associate Backend Engineer,IT Department
451,2011,2,Backend Engineer II,IT Department
452,2015,4,Backend Engineer II,IT Department
453,2009,3,Backend Engineer,IT Department
454,2013,4,Associate Frontend Engineer,IT Department
455,2013,4,Associate Backend Engineer,IT Department
456,2010,1,Associate Backend Engineer,IT Department
457,2015,4,Data Analyst II,Analytics Department
458,2011,3,Associate Frontend Engineer,IT Department
459,2013,12,Associate Backend Engineer,IT Department
460,2007,4,Associate Frontend Engineer,IT Department
461,2010,2,Associate Backend Engineer,IT Department
463,2013,10,Associate Data Analyst,Analytics Department
464,2009,7,Associate Manager,Administration Department
465,2015,6,Associate Backend Engineer,IT Department
466,2011,8,Backend Engineer II,IT Department
467,2015,7,Manager,Administration Department
468,2010,9,Associate Manager,Administration Department
469,2015,9,Associate Backend Engineer,IT Department
470,2006,4,Associate Data Analyst,Analytics Department
471,2009,4,Associate Data Analyst,Analytics Department
472,2011,7,Associate Backend Engineer,IT Department
473,2009,2,Backend Engineer,IT Department
474,2009,12,Associate Backend Engineer,IT Department
475,2009,8,Associate Data Analyst,Analytics Department
476,2009,5,Associate Data Analyst,Analytics Department
477,2011,4,Backend Engineer II,IT Department
478,2015,4,Associate Backend Engineer,IT Department
479,2005,12,Associate Backend Engineer,IT Department
480,2015,10,Frontend Engineer II,IT Department
481,2016,5,Data Analyst II,Analytics Department
482,2015,1,Associate Manager,Administration Department
483,2009,1,Backend Engineer,IT Department
484,2006,3,Associate Backend Engineer,IT Department
485,2012,1,Backend Engineer II,IT Department
486,2011,2,Associate Backend Engineer,IT Department
487,2012,3,Associate Backend Engineer,IT Department
488,2011,5,Associate Data Analyst,Analytics Department
489,2015,9,Data Analyst II,Analytics Department
490,2009,4,Associate Data Analyst,Analytics Department
491,2006,7,Associate Backend Engineer,IT Department
492,2011,5,Data Analyst II,Analytics Department
493,2010,4,Associate Backend Engineer,IT Department
494,2009,7,Associate Frontend Engineer,IT Department
495,2015,10,Associate Data Analyst,Analytics Department
496,2010,9,Associate Manager,Administration Department
497,2010,1,Data Analyst II,Analytics Department
498,2016,11,Backend Engineer II,IT Department
499,2006,7,Associate Backend Engineer,IT Department
500,2010,6,Backend Engineer II,IT Department
501,2015,1,Associate Frontend Engineer,IT Department
502,2011,9,Associate Manager,Administration Department
503,2015,5,Frontend Engineer II,IT Department
504,2011,4,Associate Backend Engineer,IT Department
505,2010,1,Backend Engineer II,IT Department
506,2016,4,Data Analyst II,Analytics Department
507,2014,1,Associate Backend Engineer,IT Department
508,2010,6,Associate Backend Engineer,IT Department
509,2009,8,Associate Data Analyst,Analytics Department
511,2010,7,Associate Frontend Engineer,IT Department
512,2006,9,Associate Backend Engineer,IT Department
513,2006,8,Associate Data Analyst,Analytics Department
514,2016,9,Data Analyst II,Analytics Department
515,2012,12,Associate Backend Engineer,IT Department
516,2011,4,Associate Backend Engineer,IT Department
517,2010,11,Backend Engineer II,IT Department
518,2011,3,Associate Backend Engineer,IT Department
519,2015,8,Data Analyst II,Analytics Department
520,2012,2,Backend Engineer II,IT Department
521,2010,2,Manager,Administration Department
522,2011,11,Associate Data Analyst,Analytics Department
523,2014,9,Associate Data Analyst,Analytics Department
524,2011,7,Data Analyst II,Analytics Department
525,2009,11,Associate Frontend Engineer,IT Department
526,2009,6,Associate Data Analyst,Analytics Department
528,2008,4,Associate Manager,Administration Department
529,2007,2,Associate Backend Engineer,IT Department
530,2012,2,Frontend Engineer II,IT Department
531,2010,9,Associate Backend Engineer,IT Department
532,2007,7,Associate Backend Engineer,IT Department
533,2011,8,Associate Backend Engineer,IT Department
535,2012,2,Data Analyst II,Analytics Department
536,2012,11,Data Analyst II,Analytics Department
537,2014,7,Associate Frontend Engineer,IT Department
538,2016,8,Data Analyst II,Analytics Department
539,2011,5,Data Analyst II,Analytics Department
540,2016,1,Backend Engineer II,IT Department
541,2008,4,Associate Data Analyst,Analytics Department
542,2015,10,Associate Data Analyst,Analytics Department
543,2011,2,Associate Data Analyst,Analytics Department
544,2015,10,Data Analyst II,Analytics Department
545,2010,4,Associate Frontend Engineer,IT Department
546,2011,2,Associate Frontend Engineer,IT Department
547,2010,8,Associate Data Analyst,Analytics Department
548,2015,8,Backend Engineer II,IT Department
549,2011,3,Associate Backend Engineer,IT Department
550,2010,6,Associate Backend Engineer,IT Department
551,2015,3,Data Analyst II,Analytics Department
554,2013,11,Associate Backend Engineer,IT Department
555,2008,1,Associate Backend Engineer,IT Department
556,2011,2,Associate Manager,Administration Department
557,2007,9,Associate Backend Engineer,IT Department
558,2012,12,Associate Frontend Engineer,IT Department
559,2011,5,Associate Frontend Engineer,IT Department
560,2006,5,Associate Backend Engineer,IT Department
561,2011,10,Associate Manager,Administration Department
562,2011,3,Associate Data Analyst,Analytics Department
563,2008,9,Associate Data Analyst,Analytics Department
564,2012,9,Manager,Administration Department
565,2009,11,Frontend Engineer,IT Department
566,2011,3,Associate Data Analyst,Analytics Department
567,2017,6,Backend Engineer II,IT Department
568,2015,1,Associate Frontend Engineer,IT Department
569,2017,4,Data Analyst II,Analytics Department
570,2010,1,Associate Data Analyst,Analytics Department
572,2016,3,Backend Engineer II,IT Department
573,2009,8,Frontend Engineer,IT Department
574,2009,9,Associate Frontend Engineer,IT Department
575,2010,1,Associate Data Analyst,Analytics Department
576,2005,12,Associate Data Analyst,Analytics Department
577,2011,4,Frontend Engineer II,IT Department
578,2015,12,Associate Data Analyst,Analytics Department
579,2012,1,Backend Engineer II,IT Department
580,2015,8,Frontend Engineer II,IT Department
581,2006,1,Associate Frontend Engineer,IT Department
582,2007,9,Associate Data Analyst,Analytics Department
583,2012,12,Backend Engineer II,IT Department
584,2009,2,Associate Manager,Administration Department
585,2014,2,Associate Frontend Engineer,IT Department
586,2009,5,Associate Backend Engineer,IT Department
587,2012,9,Frontend Engineer II,IT Department
588,2009,5,Associate Data Analyst,Analytics Department
589,2010,5,Data Analyst II,Analytics Department
590,2008,12,Backend Engineer,IT Department
591,2007,10,Associate Backend Engineer,IT Department
592,2009,5,Assistant Manager,Administration Department
593,2007,10,Associate Backend Engineer,IT Department
594,2015,9,Backend Engineer II,IT Department
595,2013,10,Associate Backend Engineer,IT Department
597,2011,3,Associate Backend Engineer,IT Department
598,2015,3,Data Analyst II,Analytics Department
599,2010,4,Data Analyst II,Analytics Department
600,2013,11,Associate Backend Engineer,IT Department
601,2008,8,Assistant Manager,Administration Department
602,2007,4,Associate Frontend Engineer,IT Department
603,2009,12,Backend Engineer,IT Department
604,2015,11,Data Analyst II,Analytics Department
605,2014,11,Associate Backend Engineer,IT Department
606,2011,12,Backend Engineer II,IT Department
607,2009,10,Associate Frontend Engineer,IT Department
608,2011,8,Associate Backend Engineer,IT Department
609,2017,11,Data Analyst II,Analytics Department
610,2011,9,Backend Engineer II,IT Department
611,2008,8,Backend Engineer,IT Department
612,2010,6,Associate Data Analyst,Analytics Department
613,2011,10,Backend Engineer II,IT Department
614,2009,6,Associate Data Analyst,Analytics Department
615,2011,5,Frontend Engineer II,IT Department
616,2008,5,Associate Data Analyst,Analytics Department
617,2011,2,Backend Engineer II,IT Department
618,2009,11,Associate Frontend Engineer,IT Department
619,2008,7,Associate Frontend Engineer,IT Department
620,2005,5,Associate Frontend Engineer,IT Department
621,2012,12,Data Analyst II,Analytics Department
623,2016,10,Data Analyst II,Analytics Department
624,2016,6,Backend Engineer II,IT Department
625,2010,8,Associate Backend Engineer,IT Department
626,2015,10,Backend Engineer II,IT Department
627,2013,1,Associate Frontend Engineer,IT Department
628,2015,4,Associate Data Analyst,Analytics Department
629,2011,9,Backend Engineer II,IT Department
630,2011,6,Associate Backend Engineer,IT Department
631,2012,8,Associate Manager,Administration Department
632,2014,11,Associate Backend Engineer,IT Department
633,2006,7,Associate Backend Engineer,IT Department
634,2008,6,Associate Backend Engineer,IT Department
635,2010,9,Data Analyst II,Analytics Department
636,2011,1,Frontend Engineer II,IT Department
638,2005,11,Associate Backend Engineer,IT Department
639,2009,11,Associate Backend Engineer,IT Department
640,2009,2,Backend Engineer,IT Department
641,2011,4,Associate Backend Engineer,IT Department
642,2016,5,Manager,Administration Department
643,2009,6,Frontend Engineer,IT Department
644,2010,3,Associate Data Analyst,Analytics Department
645,2012,1,Backend Engineer II,IT Department
646,2010,3,Associate Frontend Engineer,IT Department
647,2014,12,Associate Data Analyst,Analytics Department
648,2010,11,Associate Frontend Engineer,IT Department
649,2011,1,Backend Engineer II,IT Department
650,2010,5,Associate Data Analyst,Analytics Department
651,2010,3,Associate Data Analyst,Analytics Department
652,2011,10,Backend Engineer II,IT Department
653,2011,7,Backend Engineer II,IT Department
654,2010,4,Frontend Engineer II,IT Department
655,2006,2,Associate Data Analyst,Analytics Department
656,2009,10,Associate Frontend Engineer,IT Department
659,2010,5,Associate Frontend Engineer,IT Department
660,2009,7,Backend Engineer,IT Department
661,2016,3,Data Analyst II,Analytics Department
662,2010,2,Associate Backend Engineer,IT Department
663,2009,12,Associate Manager,Administration Department
664,2013,10,Associate Backend Engineer,IT Department
665,2009,3,Backend Engineer,IT Department
666,2011,3,Manager,Administration Department
667,2006,10,Associate Data Analyst,Analytics Department
668,2011,10,Backend Engineer II,IT Department
669,2009,10,Backend Engineer,IT Department
670,2011,12,Frontend Engineer II,IT Department
671,2007,12,Associate Data Analyst,Analytics Department
672,2011,4,Backend Engineer II,IT Department
673,2013,10,Associate Backend Engineer,IT Department
674,2014,10,Associate Backend Engineer,IT Department
675,2010,4,Data Analyst II,Analytics Department
676,2016,2,Frontend Engineer II,IT Department
677,2016,7,Data Analyst II,Analytics Department
678,2013,6,Associate Frontend Engineer,IT Department
679,2014,12,Data Analyst II,Analytics Department
680,2011,11,Data Analyst II,Analytics Department
681,2013,2,Associate Data Analyst,Analytics Department
682,2008,2,Associate Backend Engineer,IT Department
683,2017,6,Backend Engineer II,IT Department
684,2017,7,Data Analyst II,Analytics Department
685,2015,10,Backend Engineer II,IT Department
686,2017,6,Backend Engineer II,IT Department
687,2009,1,Associate Backend Engineer,IT Department
688,2014,6,Associate Backend Engineer,IT Department
689,2009,6,Associate Frontend Engineer,IT Department
690,2013,2,Associate Backend Engineer,IT Department
691,2011,5,Backend Engineer II,IT Department
692,2016,4,Backend Engineer II,IT Department
693,2010,6,Data Analyst II,Analytics Department
694,2006,11,Associate Frontend Engineer,IT Department
695,2015,3,Associate Data Analyst,Analytics Department
696,2015,7,Backend Engineer II,IT Department
697,2013,9,Associate Backend Engineer,IT Department
699,2010,4,Associate Frontend Engineer,IT Department
700,2017,1,Backend Engineer II,IT Department
701,2016,4,Frontend Engineer II,IT Department
702,2010,1,Backend Engineer II,IT Department
703,2007,3,Associate Frontend Engineer,IT Department
704,2016,2,Manager,Administration Department
705,2011,3,Data Analyst II,Analytics Department
706,2014,7,Backend Engineer II,IT Department
707,2014,7,Backend Engineer II,IT Department
708,2009,2,Backend Engineer,IT Department
709,2011,9,Backend Engineer II,IT Department
711,2011,12,Associate Data Analyst,Analytics Department
712,2010,6,Backend Engineer II,IT Department
713,2015,8,Associate Data Analyst,Analytics Department
714,2011,7,Backend Engineer II,IT Department
715,2011,10,Associate Data Analyst,Analytics Department
716,2009,9,Backend Engineer,IT Department
717,2010,10,Data Analyst II,Analytics Department
718,2010,2,Associate Frontend Engineer,IT Department
719,2007,5,Associate Frontend Engineer,IT Department
720,2010,3,Associate Backend Engineer,IT Department
721,2007,5,Associate Backend Engineer,IT Department
722,2012,7,Associate Backend Engineer,IT Department
723,2009,9,Associate Backend Engineer,IT Department
724,2010,7,Manager,Administration Department
725,2015,2,Backend Engineer II,IT Department
726,2012,1,Manager,Administration Department
727,2014,7,Associate Backend Engineer,IT Department
728,2013,7,Associate Backend Engineer,IT Department
729,2011,7,Associate Backend Engineer,IT Department
730,2012,11,Associate Frontend Engineer,IT Department
731,2011,6,Backend Engineer II,IT Department
732,2011,6,Associate Data Analyst,Analytics Department
733,2011,7,Backend Engineer II,IT Department
734,2016,10,Backend Engineer II,IT Department
735,2006,4,Associate Backend Engineer,IT Department
737,2017,1,Backend Engineer II,IT Department
738,2016,9,Backend Engineer II,IT Department
739,2011,11,Frontend Engineer II,IT Department
740,2015,2,Associate Backend Engineer,IT Department
741,2007,9,Associate Backend Engineer,IT Department
742,2011,12,Backend Engineer II,IT Department
743,2012,9,Backend Engineer II,IT Department
744,2009,2,Associate Frontend Engineer,IT Department
745,2010,9,Associate Backend Engineer,IT Department
746,2017,9,Data Analyst II,Analytics Department
747,2012,4,Backend Engineer II,IT Department
748,2006,1,Associate Backend Engineer,IT Department
749,2012,9,Data Analyst II,Analytics Department
750,2015,11,Associate Data Analyst,Analytics Department
751,2011,9,Associate Backend Engineer,IT Department
752,2015,6,Associate Backend Engineer,IT Department
753,2010,3,Associate Frontend Engineer,IT Department
754,2008,6,Frontend Engineer,IT Department
755,2015,10,Data Analyst II,Analytics Department
756,2005,12,Associate Backend Engineer,IT Department
757,2010,12,Frontend Engineer II,IT Department
758,2016,1,Backend Engineer II,IT Department
759,2008,5,Associate Backend Engineer,IT Department
760,2009,1,Associate Data Analyst,Analytics Department
761,2012,10,Backend Engineer II,IT Department
762,2007,7,Associate Frontend Engineer,IT Department
763,2014,8,Associate Backend Engineer,IT Department
764,2017,8,Backend Engineer II,IT Department
765,2009,9,Associate Data Analyst,Analytics Department
766,2016,10,Backend Engineer II,IT Department
767,2013,6,Associate Backend Engineer,IT Department
768,2011,3,Associate Data Analyst,Analytics Department
769,2009,2,Assistant Manager,Administration Department
770,2017,8,Backend Engineer II,IT Department
771,2016,2,Data Analyst II,Analytics Department
772,2005,4,Associate Backend Engineer,IT Department
773,2009,8,Associate Data Analyst,Analytics Department
775,2017,9,Backend Engineer II,IT Department
776,2017,5,Backend Engineer II,IT Department
777,2011,2,Data Analyst II,Analytics Department
778,2009,4,Associate Backend Engineer,IT Department
779,2007,11,Associate Manager,Administration Department
780,2010,10,Associate Frontend Engineer,IT Department
781,2011,10,Associate Frontend Engineer,IT Department
782,2014,3,Associate Frontend Engineer,IT Department
783,2011,1,Backend Engineer II,IT Department
784,2008,8,Associate Data Analyst,Analytics Department
785,2008,11,Associate Frontend Engineer,IT Department
786,2012,10,Associate Backend Engineer,IT Department
787,2010,10,Backend Engineer II,IT Department
788,2010,12,Data Analyst II,Analytics Department
789,2010,3,Backend Engineer II,IT Department
790,2015,1,Data Analyst II,Analytics Department
791,2010,11,Associate Backend Engineer,IT Department
792,2007,9,Associate Data Analyst,Analytics Department
793,2007,5,Associate Backend Engineer,IT Department
795,2005,8,Associate Data Analyst,Analytics Department
796,2008,6,Associate Data Analyst,Analytics Department
797,2007,5,Associate Backend Engineer,IT Department
798,2006,4,Associate Manager,Administration Department
799,2009,5,Backend Engineer,IT Department
800,2017,8,Backend Engineer II,IT Department
801,2013,12,Associate Data Analyst,Analytics Department
802,2009,4,Associate Data Analyst,Analytics Department
803,2012,2,Manager,Administration Department
804,2017,5,Backend Engineer II,IT Department
805,2017,12,Frontend Engineer II,IT Department
806,2017,8,Backend Engineer II,IT Department
807,2010,4,Data Analyst II,Analytics Department
808,2016,12,Data Analyst II,Analytics Department
809,2015,1,Associate Frontend Engineer,IT Department
810,2012,5,Data Analyst II,Analytics Department
811,2010,6,Associate Backend Engineer,IT Department
812,2011,8,Backend Engineer II,IT Department
813,2010,4,Associate Data Analyst,Analytics Department
815,2008,3,Associate Manager,Administration Department
817,2009,5,Associate Frontend Engineer,IT Department
818,2017,8,Data Analyst II,Analytics Department
819,2009,5,Associate Backend Engineer,IT Department
820,2016,10,Backend Engineer II,IT Department
821,2011,1,Manager,Administration Department
822,2011,4,Frontend Engineer II,IT Department
823,2011,2,Frontend Engineer II,IT Department
824,2015,7,Backend Engineer II,IT Department
825,2015,7,Associate Backend Engineer,IT Department
827,2013,1,Associate Data Analyst,Analytics Department
829,2008,7,Associate Manager,Administration Department
830,2007,4,Associate Backend Engineer,IT Department
831,2011,6,Associate Backend Engineer,IT Department
832,2009,8,Associate Data Analyst,Analytics Department
833,2012,7,Data Analyst II,Analytics Department
834,2008,2,Backend Engineer,IT Department
835,2011,2,Associate Manager,Administration Department
836,2010,1,Associate Backend Engineer,IT Department
838,2011,2,Manager,Administration Department
839,2015,6,Associate Frontend Engineer,IT Department
842,2013,10,Associate Data Analyst,Analytics Department
843,2006,9,Associate Data Analyst,Analytics Department
844,2009,4,Associate Backend Engineer,IT Department
845,2014,12,Associate Data Analyst,Analytics Department
846,2012,4,Frontend Engineer II,IT Department
847,2012,12,Associate Frontend Engineer,IT Department
848,2011,2,Associate Data Analyst,Analytics Department
849,2017,8,Backend Engineer II,IT Department
850,2012,3,Data Analyst II,Analytics Department
851,2013,10,Associate Backend Engineer,IT Department
852,2008,6,Associate Frontend Engineer,IT Department
853,2014,7,Backend Engineer II,IT Department
855,2009,6,Associate Data Analyst,Analytics Department
856,2012,9,Data Analyst II,Analytics Department
857,2012,10,Backend Engineer II,IT Department
858,2015,8,Backend Engineer II,IT Department
859,2012,10,Data Analyst II,Analytics Department
860,2011,1,Associate Backend Engineer,IT Department
861,2013,8,Associate Frontend Engineer,IT Department
862,2010,10,Manager,Administration Department
863,2017,3,Backend Engineer II,IT Department
864,2016,8,Backend Engineer II,IT Department
865,2016,5,Backend Engineer II,IT Department
866,2010,10,Associate Backend Engineer,IT Department
867,2017,3,Backend Engineer II,IT Department
868,2009,1,Associate Frontend Engineer,IT Department
869,2014,3,Backend Engineer II,IT Department
870,2012,6,Data Analyst II,Analytics Department
871,2009,5,Associate Frontend Engineer,IT Department
872,2010,8,Backend Engineer II,IT Department
873,2017,6,Backend Engineer II,IT Department
874,2011,2,Data Analyst II,Analytics Department
875,2014,8,Associate Data Analyst,Analytics Department
876,2011,3,Frontend Engineer II,IT Department
877,2006,8,Associate Backend Engineer,IT Department
878,2011,5,Associate Manager,Administration Department
879,2010,6,Associate Backend Engineer,IT Department
880,2012,1,Data Analyst II,Analytics Department
881,2011,6,Data Analyst II,Analytics Department
882,2011,5,Associate Backend Engineer,IT Department
883,2012,9,Associate Data Analyst,Analytics Department
884,2008,5,Backend Engineer,IT Department
885,2012,11,Frontend Engineer II,IT Department
886,2016,3,Backend Engineer II,IT Department
887,2017,9,Backend Engineer II,IT Department
888,2014,9,Manager,Administration Department
889,2016,8,Data Analyst II,Analytics Department
890,2016,1,Data Analyst II,Analytics Department
891,2010,10,Associate Frontend Engineer,IT Department
893,2009,8,Associate Data Analyst,Analytics Department
895,2009,5,Associate Backend Engineer,IT Department
896,2017,5,Manager,Administration Department
897,2011,7,Associate Backend Engineer,IT Department
898,2009,9,Associate Data Analyst,Analytics Department
899,2008,2,Backend Engineer,IT Department
900,2009,11,Associate Data Analyst,Analytics Department
901,2009,3,Associate Backend Engineer,IT Department
902,2013,5,Associate Data Analyst,Analytics Department
903,2014,9,Data Analyst II,Analytics Department
904,2016,7,Backend Engineer II,IT Department
905,2009,9,Associate Data Analyst,Analytics Department
906,2009,11,Associate Frontend Engineer,IT Department
908,2006,8,Associate Data Analyst,Analytics Department
909,2016,2,Data Analyst II,Analytics Department
910,2011,4,Backend Engineer II,IT Department
911,2014,9,Backend Engineer II,IT Department
912,2010,9,Data Analyst II,Analytics Department
913,2011,5,Associate Backend Engineer,IT Department
914,2016,2,Backend Engineer II,IT Department
915,2017,5,Data Analyst II,Analytics Department
917,2017,9,Frontend Engineer II,IT Department
918,2016,9,Backend Engineer II,IT Department
919,2006,11,Associate Backend Engineer,IT Department
920,2010,6,Data Analyst II,Analytics Department
921,2012,1,Backend Engineer II,IT Department
922,2010,10,Manager,Administration Department
923,2017,1,Frontend Engineer II,IT Department
924,2011,6,Backend Engineer II,IT Department
925,2010,12,Associate Backend Engineer,IT Department
926,2012,2,Associate Backend Engineer,IT Department
927,2009,2,Associate Backend Engineer,IT Department
928,2009,6,Associate Backend Engineer,IT Department
929,2010,8,Backend Engineer II,IT Department
930,2011,9,Backend Engineer II,IT Department
931,2017,9,Frontend Engineer II,IT Department
932,2008,9,Associate Backend Engineer,IT Department
933,2005,1,Associate Backend Engineer,IT Department
934,2014,3,Associate Data Analyst,Analytics Department
935,2007,3,Associate Backend Engineer,IT Department
936,2008,12,Associate Backend Engineer,IT Department
938,2011,3,Associate Backend Engineer,IT Department
939,2013,11,Associate Data Analyst,Analytics Department
940,2010,9,Manager,Administration Department
941,2009,7,Associate Backend Engineer,IT Department
942,2010,10,Associate Data Analyst,Analytics Department
943,2007,12,Associate Manager,Administration Department
944,2008,5,Associate Manager,Administration Department
945,2009,9,Associate Data Analyst,Analytics Department
946,2009,11,Associate Data Analyst,Analytics Department
947,2011,7,Associate Data Analyst,Analytics Department
948,2012,12,Data Analyst II,Analytics Department
949,2009,8,Associate Backend Engineer,IT Department
950,2015,8,Associate Data Analyst,Analytics Department
951,2010,7,Frontend Engineer II,IT Department
952,2011,3,Associate Data Analyst,Analytics Department
953,2010,4,Associate Frontend Engineer,IT Department
954,2017,9,Data Analyst II,Analytics Department
955,2007,3,Associate Backend Engineer,IT Department
958,2011,6,Frontend Engineer II,IT Department
959,2012,11,Data Analyst II,Analytics Department
960,2011,4,Data Analyst II,Analytics Department
961,2005,9,Associate Data Analyst,Analytics Department
962,2014,12,Data Analyst II,Analytics Department
963,2015,5,Backend Engineer II,IT Department
964,2005,3,Associate Backend Engineer,IT Department
965,2010,9,Manager,Administration Department
966,2010,5,Associate Backend Engineer,IT Department
967,2014,9,Associate Backend Engineer,IT Department
968,2008,6,Backend Engineer,IT Department
969,2017,5,Frontend Engineer II,IT Department
970,2011,5,Backend Engineer II,IT Department
971,2010,9,Frontend Engineer II,IT Department
972,2010,7,Associate Backend Engineer,IT Department
973,2007,2,Associate Backend Engineer,IT Department
974,2017,10,Data Analyst II,Analytics Department
975,2006,2,Associate Data Analyst,Analytics Department
977,2016,1,Backend Engineer II,IT Department
978,2017,8,Data Analyst II,Analytics Department
979,2008,3,Associate Backend Engineer,IT Department
980,2014,2,Manager,Administration Department
981,2010,1,Associate Frontend Engineer,IT Department
982,2008,2,Backend Engineer,IT Department
983,2010,11,Associate Manager,Administration Department
984,2011,7,Frontend Engineer II,IT Department
985,2016,11,Manager,Administration Department
986,2008,9,Data Analyst,Analytics Department
987,2016,3,Data Analyst II,Analytics Department
988,2013,12,Associate Data Analyst,Analytics Department
989,2016,10,Backend Engineer II,IT Department
990,2014,9,Associate Backend Engineer,IT Department
991,2016,1,Manager,Administration Department
992,2011,8,Backend Engineer II,IT Department
993,2017,2,Backend Engineer II,IT Department
994,2006,7,Associate Backend Engineer,IT Department
995,2009,2,Associate Manager,Administration Department
996,2008,9,Associate Backend Engineer,IT Department
997,2011,1,Associate Backend Engineer,IT Department
998,2010,8,Frontend Engineer II,IT Department
999,2008,12,Associate Data Analyst,Analytics Department
1000,2014,7,Associate Backend Engineer,IT Department
1,1994,12,Jr Backend Engineer,IT Department
2,1995,12,Jr Frontend Engineer,IT Department
3,1988,12,Jr Data Analyst,Analytics Department
4,1993,12,Jr Frontend Engineer,IT Department
5,1997,7,Jr Backend Engineer,IT Department
6,1993,12,Jr Backend Engineer,IT Department
7,1998,12,Jr Data Analyst,Analytics Department
8,1996,5,Jr Backend Engineer,IT Department
9,1992,5,Jr Manager,Administration Department
10,2008,12,Jr Frontend Engineer,IT Department
11,1990,12,Jr Backend Engineer,IT Department
12,1990,5,Jr Manager,Administration Department
13,2002,5,Jr Data Analyst,Analytics Department
14,2010,12,Jr Data Analyst,Analytics Department
15,2016,5,Jr Data Analyst,Analytics Department
16,1992,5,Jr Backend Engineer,IT Department
17,2005,4,Jr Data Analyst,Analytics Department
18,2003,7,Jr Frontend Engineer,IT Department
19,2011,12,Jr Backend Engineer,IT Department
20,1999,12,Jr Backend Engineer,IT Department
21,1994,4,Jr Frontend Engineer,IT Department
22,1992,4,Jr Data Analyst,Analytics Department
23,1992,12,Jr Backend Engineer,IT Department
24,1988,5,Jr Data Analyst,Analytics Department
25,2009,12,Jr Frontend Engineer,IT Department
26,2009,7,Jr Data Analyst,Analytics Department
27,2005,12,Jr Backend Engineer,IT Department
28,1991,12,Jr Frontend Engineer,IT Department
29,2008,5,Jr Data Analyst,Analytics Department
30,2006,12,Jr Backend Engineer,IT Department
31,2011,12,Jr Backend Engineer,IT Department
32,1998,12,Jr Backend Engineer,IT Department
33,2002,12,Jr Frontend Engineer,IT Department
34,2005,5,Jr Backend Engineer,IT Department
35,2006,7,Jr Backend Engineer,IT Department
36,2009,5,Jr Data Analyst,Analytics Department
37,1996,12,Jr Data Analyst,Analytics Department
38,1999,5,Jr Backend Engineer,IT Department
39,1989,7,Jr Frontend Engineer,IT Department
40,1990,12,Jr Backend Engineer,IT Department
41,2008,12,Jr Frontend Engineer,IT Department
42,2012,12,Jr Data Analyst,Analytics Department
43,2000,7,Jr Data Analyst,Analytics Department
44,1999,5,Jr Backend Engineer,IT Department
45,2009,12,Jr Backend Engineer,IT Department
46,1987,5,Jr Frontend Engineer,IT Department
47,2010,5,Jr Data Analyst,Analytics Department
48,2000,12,Jr Backend Engineer,IT Department
49,2008,12,Jr Backend Engineer,IT Department
50,2009,12,Jr Data Analyst,Analytics Department
51,1999,12,Jr Backend Engineer,IT Department
52,1997,12,Jr Backend Engineer,IT Department
53,1990,12,Jr Manager,Administration Department
54,1993,5,Jr Backend Engineer,IT Department
55,2005,4,Jr Data Analyst,Analytics Department
56,2014,4,Jr Backend Engineer,IT Department
57,1996,12,Jr Data Analyst,Analytics Department
58,2002,5,Jr Manager,Administration Department
59,2003,5,Jr Backend Engineer,IT Department
60,1989,5,Jr Manager,Administration Department
61,1990,12,Jr Backend Engineer,IT Department
62,2013,12,Jr Manager,Administration Department
63,1994,5,Jr Data Analyst,Analytics Department
64,2008,7,Jr Backend Engineer,IT Department
65,2011,12,Jr Data Analyst,Analytics Department
66,1999,12,Jr Data Analyst,Analytics Department
67,2012,12,Jr Frontend Engineer,IT Department
68,1999,12,Jr Backend Engineer,IT Department
69,2010,5,Jr Backend Engineer,IT Department
70,1994,12,Jr Data Analyst,Analytics Department
71,2009,5,Jr Backend Engineer,IT Department
72,1993,12,Jr Data Analyst,Analytics Department
73,1996,4,Jr Backend Engineer,IT Department
74,2004,12,Jr Data Analyst,Analytics Department
75,2000,12,Jr Frontend Engineer,IT Department
76,1995,4,Jr Data Analyst,Analytics Department
77,2000,12,Jr Data Analyst,Analytics Department
78,2002,5,Jr Backend Engineer,IT Department
79,1987,7,Jr Data Analyst,Analytics Department
80,2001,12,Jr Frontend Engineer,IT Department
81,2012,12,Jr Backend Engineer,IT Department
82,2003,5,Jr Backend Engineer,IT Department
83,2013,12,Jr Data Analyst,Analytics Department
84,1995,12,Jr Backend Engineer,IT Department
85,1999,12,Jr Data Analyst,Analytics Department
86,1998,12,Jr Data Analyst,Analytics Department
87,2000,12,Jr Backend Engineer,IT Department
88,2004,7,Jr Data Analyst,Analytics Department
89,2003,7,Jr Backend Engineer,IT Department
90,1997,12,Jr Backend Engineer,IT Department
91,2000,12,Jr Manager,Administration Department
92,2013,12,Jr Frontend Engineer,IT Department
93,1996,5,Jr Backend Engineer,IT Department
94,2013,5,Jr Backend Engineer,IT Department
95,1997,12,Jr Frontend Engineer,IT Department
96,1995,12,Jr Backend Engineer,IT Department
97,1993,12,Jr Backend Engineer,IT Department
98,1991,7,Jr Data Analyst,Analytics Department
99,1996,12,Jr Data Analyst,Analytics Department
100,2011,12,Jr Backend Engineer,IT Department
101,2008,12,Jr Backend Engineer,IT Department
102,2010,5,Jr Data Analyst,Analytics Department
103,2002,5,Jr Backend Engineer,IT Department
104,2013,12,Jr Backend Engineer,IT Department
105,1995,5,Jr Backend Engineer,IT Department
106,2012,12,Jr Backend Engineer,IT Department
107,1996,5,Jr Frontend Engineer,IT Department
108,1995,7,Jr Data Analyst,Analytics Department
109,2012,12,Jr Frontend Engineer,IT Department
110,1999,7,Jr Backend Engineer,IT Department
111,1991,7,Jr Backend Engineer,IT Department
112,2003,12,Jr Backend Engineer,IT Department
113,1998,12,Jr Data Analyst,Analytics Department
114,2006,5,Jr Backend Engineer,IT Department
115,2005,5,Jr Backend Engineer,IT Department
116,2013,12,Jr Backend Engineer,IT Department
117,1988,5,Jr Backend Engineer,IT Department
118,2008,12,Jr Backend Engineer,IT Department
119,2012,12,Jr Backend Engineer,IT Department
120,1992,7,Jr Data Analyst,Analytics Department
121,2011,12,Jr Backend Engineer,IT Department
122,2002,12,Jr Frontend Engineer,IT Department
123,1993,5,Jr Frontend Engineer,IT Department
124,2010,5,Jr Backend Engineer,IT Department
125,1994,12,Jr Backend Engineer,IT Department
126,2004,7,Jr Manager,Administration Department
127,1997,12,Jr Frontend Engineer,IT Department
128,2008,5,Jr Frontend Engineer,IT Department
129,1996,12,Jr Frontend Engineer,IT Department
130,2007,7,Jr Data Analyst,Analytics Department
131,2003,12,Jr Data Analyst,Analytics Department
132,2011,12,Jr Data Analyst,Analytics Department
133,1995,12,Jr Backend Engineer,IT Department
134,1999,5,Jr Data Analyst,Analytics Department
135,1998,7,Jr Backend Engineer,IT Department
136,1997,12,Jr Backend Engineer,IT Department
137,1996,4,Jr Data Analyst,Analytics Department
138,2005,12,Jr Data Analyst,Analytics Department
139,2011,12,Jr Frontend Engineer,IT Department
140,1991,4,Jr Data Analyst,Analytics Department
141,2010,12,Jr Manager,Administration Department
142,2008,12,Jr Manager,Administration Department
143,1995,4,Jr Frontend Engineer,IT Department
144,1993,4,Jr Backend Engineer,IT Department
145,1991,4,Jr Backend Engineer,IT Department
146,2007,5,Jr Data Analyst,Analytics Department
147,1994,12,Jr Backend Engineer,IT Department
148,2006,5,Jr Data Analyst,Analytics Department
149,2008,5,Jr Data Analyst,Analytics Department
150,2000,5,Jr Data Analyst,Analytics Department
151,1989,5,Jr Backend Engineer,IT Department
152,2000,12,Jr Data Analyst,Analytics Department
153,2007,12,Jr Data Analyst,Analytics Department
154,2004,5,Jr Frontend Engineer,IT Department
155,1994,5,Jr Manager,Administration Department
156,2005,5,Jr Manager,Administration Department
157,1990,12,Jr Data Analyst,Analytics Department
158,2013,5,Jr Backend Engineer,IT Department
159,2002,7,Jr Backend Engineer,IT Department
160,2004,5,Jr Frontend Engineer,IT Department
161,2013,12,Jr Data Analyst,Analytics Department
162,2004,12,Jr Manager,Administration Department
163,2011,12,Jr Backend Engineer,IT Department
164,2004,5,Jr Data Analyst,Analytics Department
165,1997,5,Jr Backend Engineer,IT Department
166,1996,12,Jr Frontend Engineer,IT Department
167,1994,5,Jr Frontend Engineer,IT Department
168,2007,12,Jr Backend Engineer,IT Department
169,1996,5,Jr Data Analyst,Analytics Department
170,2002,7,Jr Data Analyst,Analytics Department
171,1995,12,Jr Backend Engineer,IT Department
172,1987,5,Jr Backend Engineer,IT Department
173,2007,4,Jr Backend Engineer,IT Department
174,1994,12,Jr Backend Engineer,IT Department
175,2010,5,Jr Backend Engineer,IT Department
176,2005,5,Jr Backend Engineer,IT Department
177,1998,12,Jr Data Analyst,Analytics Department
178,2005,5,Jr Backend Engineer,IT Department
179,2010,4,Jr Data Analyst,Analytics Department
180,2014,12,Jr Backend Engineer,IT Department
181,2002,12,Jr Backend Engineer,IT Department
182,2002,12,Jr Data Analyst,Analytics Department
183,1991,5,Jr Data Analyst,Analytics Department
184,2010,4,Jr Frontend Engineer,IT Department
185,1999,4,Jr Manager,Administration Department
186,2012,5,Jr Backend Engineer,IT Department
187,2015,7,Jr Backend Engineer,IT Department
188,2003,5,Jr Backend Engineer,IT Department
189,2003,12,Jr Frontend Engineer,IT Department
190,2001,12,Jr Data Analyst,Analytics Department
191,1992,12,Jr Backend Engineer,IT Department
192,2000,12,Jr Frontend Engineer,IT Department
193,2004,7,Jr Backend Engineer,IT Department
194,2010,5,Jr Data Analyst,Analytics Department
195,1998,5,Jr Data Analyst,Analytics Department
196,2012,12,Jr Data Analyst,Analytics Department
197,1991,5,Jr Data Analyst,Analytics Department
198,1995,12,Jr Manager,Administration Department
199,1994,12,Jr Backend Engineer,IT Department
200,1992,12,Jr Backend Engineer,IT Department
201,2010,4,Jr Backend Engineer,IT Department
202,2001,5,Jr Backend Engineer,IT Department
203,1999,7,Jr Backend Engineer,IT Department
204,1986,12,Jr Backend Engineer,IT Department
205,1998,12,Jr Manager,Administration Department
206,1992,12,Jr Manager,Administration Department
207,1995,12,Jr Data Analyst,Analytics Department
208,1986,12,Jr Backend Engineer,IT Department
209,2008,5,Jr Data Analyst,Analytics Department
210,1995,5,Jr Backend Engineer,IT Department
211,2002,12,Jr Data Analyst,Analytics Department
212,1996,12,Jr Backend Engineer,IT Department
213,1992,4,Jr Frontend Engineer,IT Department
214,2001,12,Jr Backend Engineer,IT Department
215,2004,12,Jr Frontend Engineer,IT Department
216,2009,12,Jr Backend Engineer,IT Department
217,1992,7,Jr Backend Engineer,IT Department
218,2013,12,Jr Data Analyst,Analytics Department
219,2017,12,Jr Data Analyst,Analytics Department
220,2004,12,Jr Frontend Engineer,IT Department
221,2012,7,Jr Backend Engineer,IT Department
222,2004,12,Jr Data Analyst,Analytics Department
223,1998,12,Jr Backend Engineer,IT Department
224,1999,12,Jr Backend Engineer,IT Department
225,2010,5,Jr Backend Engineer,IT Department
226,2003,5,Jr Backend Engineer,IT Department
227,2010,12,Jr Backend Engineer,IT Department
228,1990,5,Jr Frontend Engineer,IT Department
229,2001,12,Jr Manager,Administration Department
230,1990,5,Jr Backend Engineer,IT Department
231,2001,5,Jr Data Analyst,Analytics Department
232,2008,5,Jr Backend Engineer,IT Department
233,2003,12,Jr Data Analyst,Analytics Department
234,1992,5,Jr Frontend Engineer,IT Department
235,1991,12,Jr Backend Engineer,IT Department
236,2001,12,Jr Backend Engineer,IT Department
237,1987,12,Jr Backend Engineer,IT Department
238,1994,12,Jr Data Analyst,Analytics Department
239,1992,5,Jr Frontend Engineer,IT Department
240,2011,7,Jr Data Analyst,Analytics Department
241,1989,5,Jr Data Analyst,Analytics Department
242,1990,12,Jr Backend Engineer,IT Department
243,2003,12,Jr Manager,Administration Department
244,1992,12,Jr Data Analyst,Analytics Department
245,1995,12,Jr Data Analyst,Analytics Department
246,1998,5,Jr Data Analyst,Analytics Department
247,1991,5,Jr Manager,Administration Department
248,1997,12,Jr Data Analyst,Analytics Department
249,1996,7,Jr Data Analyst,Analytics Department
250,1993,12,Jr Backend Engineer,IT Department
251,1996,4,Jr Data Analyst,Analytics Department
252,2002,7,Jr Frontend Engineer,IT Department
253,1996,5,Jr Manager,Administration Department
254,2008,5,Jr Frontend Engineer,IT Department
255,2008,5,Jr Frontend Engineer,IT Department
256,2019,7,Jr Manager,Administration Department
257,1992,4,Jr Frontend Engineer,IT Department
258,1998,5,Jr Data Analyst,Analytics Department
259,2014,12,Jr Backend Engineer,IT Department
260,2004,4,Jr Backend Engineer,IT Department
261,1999,12,Jr Backend Engineer,IT Department
262,1995,5,Jr Backend Engineer,IT Department
263,1996,12,Jr Data Analyst,Analytics Department
264,1996,5,Jr Data Analyst,Analytics Department
265,2010,5,Jr Frontend Engineer,IT Department
266,2014,12,Jr Backend Engineer,IT Department
267,2008,4,Jr Backend Engineer,IT Department
268,2005,12,Jr Data Analyst,Analytics Department
269,1988,12,Jr Frontend Engineer,IT Department
270,2010,5,Jr Data Analyst,Analytics Department
271,1990,5,Jr Backend Engineer,IT Department
272,1996,5,Jr Data Analyst,Analytics Department
273,2016,5,Jr Data Analyst,Analytics Department
274,2005,12,Jr Data Analyst,Analytics Department
275,2004,12,Jr Manager,Administration Department
276,1993,12,Jr Backend Engineer,IT Department
277,2003,12,Jr Data Analyst,Analytics Department
278,1996,12,Jr Data Analyst,Analytics Department
279,2005,12,Jr Backend Engineer,IT Department
280,2011,5,Jr Frontend Engineer,IT Department
281,2000,12,Jr Backend Engineer,IT Department
282,2001,5,Jr Frontend Engineer,IT Department
283,2004,5,Jr Frontend Engineer,IT Department
284,1991,12,Jr Backend Engineer,IT Department
285,2012,7,Jr Backend Engineer,IT Department
286,1993,12,Jr Data Analyst,Analytics Department
287,2002,5,Jr Frontend Engineer,IT Department
288,2009,7,Jr Backend Engineer,IT Department
289,2011,12,Jr Data Analyst,Analytics Department
290,2009,12,Jr Frontend Engineer,IT Department
291,2002,12,Jr Manager,Administration Department
292,1995,5,Jr Backend Engineer,IT Department
293,2008,7,Jr Backend Engineer,IT Department
294,1998,7,Jr Data Analyst,Analytics Department
295,1997,12,Jr Backend Engineer,IT Department
296,2013,5,Jr Data Analyst,Analytics Department
297,1992,4,Jr Frontend Engineer,IT Department
298,2006,5,Jr Data Analyst,Analytics Department
299,2011,5,Jr Data Analyst,Analytics Department
300,1988,12,Jr Data Analyst,Analytics Department
301,2004,12,Jr Data Analyst,Analytics Department
302,2012,12,Jr Backend Engineer,IT Department
303,1986,12,Jr Manager,Administration Department
304,2003,12,Jr Data Analyst,Analytics Department
305,1998,12,Jr Data Analyst,Analytics Department
306,1991,12,Jr Frontend Engineer,IT Department
307,2006,5,Jr Data Analyst,Analytics Department
308,1988,5,Jr Frontend Engineer,IT Department
309,1989,12,Jr Backend Engineer,IT Department
310,2006,7,Jr Backend Engineer,IT Department
311,2011,5,Jr Manager,Administration Department
312,2003,12,Jr Data Analyst,Analytics Department
313,1998,4,Jr Data Analyst,Analytics Department
314,1998,12,Jr Data Analyst,Analytics Department
315,2004,5,Jr Frontend Engineer,IT Department
316,1999,7,Jr Backend Engineer,IT Department
317,2005,12,Jr Data Analyst,Analytics Department
318,1994,7,Jr Data Analyst,Analytics Department
319,1990,12,Jr Backend Engineer,IT Department
320,2003,12,Jr Backend Engineer,IT Department
321,1987,12,Jr Data Analyst,Analytics Department
322,1996,7,Jr Backend Engineer,IT Department
323,2009,5,Jr Backend Engineer,IT Department
324,2012,7,Jr Backend Engineer,IT Department
325,2003,5,Jr Data Analyst,Analytics Department
326,1994,12,Jr Backend Engineer,IT Department
327,1999,12,Jr Data Analyst,Analytics Department
328,1989,5,Jr Backend Engineer,IT Department
329,2003,12,Jr Data Analyst,Analytics Department
330,2014,4,Jr Data Analyst,Analytics Department
331,2001,7,Jr Data Analyst,Analytics Department
332,2014,12,Jr Backend Engineer,IT Department
333,1994,4,Jr Frontend Engineer,IT Department
334,1991,5,Jr Data Analyst,Analytics Department
335,1999,12,Jr Backend Engineer,IT Department
336,2009,12,Jr Frontend Engineer,IT Department
337,1997,7,Jr Data Analyst,Analytics Department
338,2015,5,Jr Data Analyst,Analytics Department
339,2000,5,Jr Backend Engineer,IT Department
340,1998,12,Jr Frontend Engineer,IT Department
341,1995,12,Jr Manager,Administration Department
342,1991,12,Jr Backend Engineer,IT Department
343,2009,12,Jr Frontend Engineer,IT Department
344,1999,12,Jr Frontend Engineer,IT Department
345,1988,4,Jr Backend Engineer,IT Department
346,2005,12,Jr Backend Engineer,IT Department
347,2003,7,Jr Data Analyst,Analytics Department
348,1986,12,Jr Data Analyst,Analytics Department
349,1988,4,Jr Data Analyst,Analytics Department
350,2003,12,Jr Backend Engineer,IT Department
351,2002,12,Jr Backend Engineer,IT Department
352,1992,12,Jr Backend Engineer,IT Department
353,1990,12,Jr Backend Engineer,IT Department
354,2014,12,Jr Frontend Engineer,IT Department
355,1990,5,Jr Data Analyst,Analytics Department
356,1994,12,Jr Data Analyst,Analytics Department
357,1998,7,Jr Backend Engineer,IT Department
358,2001,12,Jr Data Analyst,Analytics Department
359,2001,5,Jr Backend Engineer,IT Department
360,1997,5,Jr Backend Engineer,IT Department
361,1992,12,Jr Frontend Engineer,IT Department
362,2009,12,Jr Data Analyst,Analytics Department
363,2000,4,Jr Data Analyst,Analytics Department
364,2010,12,Jr Backend Engineer,IT Department
365,1992,12,Jr Backend Engineer,IT Department
366,1988,12,Jr Data Analyst,Analytics Department
367,2017,5,Jr Frontend Engineer,IT Department
368,1992,12,Jr Backend Engineer,IT Department
369,1993,12,Jr Backend Engineer,IT Department
370,2003,4,Jr Data Analyst,Analytics Department
371,2011,12,Jr Data Analyst,Analytics Department
372,1991,12,Jr Backend Engineer,IT Department
373,1993,12,Jr Backend Engineer,IT Department
374,1993,12,Jr Data Analyst,Analytics Department
375,1994,5,Jr Data Analyst,Analytics Department
376,2005,5,Jr Backend Engineer,IT Department
377,1997,7,Jr Data Analyst,Analytics Department
378,2005,5,Jr Data Analyst,Analytics Department
379,2003,5,Jr Data Analyst,Analytics Department
380,1984,12,Jr Backend Engineer,IT Department
381,2010,5,Jr Frontend Engineer,IT Department
382,2015,12,Jr Frontend Engineer,IT Department
383,2007,12,Jr Data Analyst,Analytics Department
384,1999,12,Jr Backend Engineer,IT Department
385,1992,12,Jr Data Analyst,Analytics Department
386,1999,12,Jr Data Analyst,Analytics Department
387,2008,5,Jr Data Analyst,Analytics Department
388,1994,4,Jr Data Analyst,Analytics Department
389,1997,12,Jr Data Analyst,Analytics Department
390,2011,7,Jr Data Analyst,Analytics Department
391,1994,12,Jr Backend Engineer,IT Department
392,2012,12,Jr Backend Engineer,IT Department
393,2003,5,Jr Data Analyst,Analytics Department
394,1996,5,Jr Backend Engineer,IT Department
395,2002,12,Jr Frontend Engineer,IT Department
396,1995,5,Jr Manager,Administration Department
397,1999,12,Jr Data Analyst,Analytics Department
398,1989,12,Jr Data Analyst,Analytics Department
399,1999,12,Jr Data Analyst,Analytics Department
400,1997,12,Jr Backend Engineer,IT Department
401,1993,7,Jr Frontend Engineer,IT Department
402,2002,7,Jr Backend Engineer,IT Department
403,1998,5,Jr Data Analyst,Analytics Department
404,1995,5,Jr Backend Engineer,IT Department
405,1992,5,Jr Data Analyst,Analytics Department
406,1998,12,Jr Data Analyst,Analytics Department
407,1999,4,Jr Backend Engineer,IT Department
408,1994,5,Jr Data Analyst,Analytics Department
409,1995,5,Jr Backend Engineer,IT Department
410,1994,5,Jr Backend Engineer,IT Department
411,2008,7,Jr Backend Engineer,IT Department
412,2007,12,Jr Backend Engineer,IT Department
413,1994,12,Jr Backend Engineer,IT Department
414,1995,12,Jr Backend Engineer,IT Department
415,1989,5,Jr Backend Engineer,IT Department
416,1992,12,Jr Data Analyst,Analytics Department
417,2001,5,Jr Frontend Engineer,IT Department
418,2000,12,Jr Backend Engineer,IT Department
419,1995,5,Jr Data Analyst,Analytics Department
420,2000,12,Jr Frontend Engineer,IT Department
421,1998,5,Jr Backend Engineer,IT Department
422,1990,12,Jr Backend Engineer,IT Department
423,2001,12,Jr Backend Engineer,IT Department
424,2006,12,Jr Backend Engineer,IT Department
425,2001,12,Jr Data Analyst,Analytics Department
426,2008,12,Jr Backend Engineer,IT Department
427,2003,5,Jr Data Analyst,Analytics Department
428,2010,5,Jr Backend Engineer,IT Department
429,2001,12,Jr Backend Engineer,IT Department
430,1993,12,Jr Data Analyst,Analytics Department
431,1991,12,Jr Backend Engineer,IT Department
432,2002,12,Jr Backend Engineer,IT Department
433,1997,5,Jr Data Analyst,Analytics Department
434,1999,12,Jr Data Analyst,Analytics Department
435,1985,12,Jr Backend Engineer,IT Department
436,2018,7,Jr Backend Engineer,IT Department
437,2004,12,Jr Manager,Administration Department
438,2012,12,Jr Data Analyst,Analytics Department
439,1996,12,Jr Backend Engineer,IT Department
440,2017,5,Jr Backend Engineer,IT Department
441,2005,12,Jr Backend Engineer,IT Department
442,2004,12,Jr Frontend Engineer,IT Department
443,2004,5,Jr Manager,Administration Department
444,2006,5,Jr Data Analyst,Analytics Department
445,2002,12,Jr Backend Engineer,IT Department
446,2002,5,Jr Data Analyst,Analytics Department
447,2001,4,Jr Frontend Engineer,IT Department
448,1988,12,Jr Backend Engineer,IT Department
449,2003,12,Jr Backend Engineer,IT Department
450,2001,5,Jr Backend Engineer,IT Department
451,1994,5,Jr Backend Engineer,IT Department
452,1991,5,Jr Backend Engineer,IT Department
453,1997,5,Jr Backend Engineer,IT Department
454,2010,7,Jr Frontend Engineer,IT Department
455,2010,12,Jr Backend Engineer,IT Department
456,2004,12,Jr Backend Engineer,IT Department
457,1986,12,Jr Data Analyst,Analytics Department
458,2008,12,Jr Frontend Engineer,IT Department
459,2010,12,Jr Backend Engineer,IT Department
460,2001,12,Jr Frontend Engineer,IT Department
461,2004,7,Jr Backend Engineer,IT Department
462,2013,5,Jr Manager,Administration Department
463,2010,4,Jr Data Analyst,Analytics Department
464,2003,4,Jr Manager,Administration Department
465,2012,4,Jr Backend Engineer,IT Department
466,1995,5,Jr Backend Engineer,IT Department
467,1992,12,Jr Manager,Administration Department
468,2007,12,Jr Manager,Administration Department
469,2012,7,Jr Backend Engineer,IT Department
470,2000,4,Jr Data Analyst,Analytics Department
471,2003,12,Jr Data Analyst,Analytics Department
472,2005,12,Jr Backend Engineer,IT Department
473,1998,5,Jr Backend Engineer,IT Department
474,2003,12,Jr Backend Engineer,IT Department
475,2006,12,Jr Data Analyst,Analytics Department
476,2006,5,Jr Data Analyst,Analytics Department
477,1998,5,Jr Backend Engineer,IT Department
478,2012,4,Jr Backend Engineer,IT Department
479,1999,5,Jr Backend Engineer,IT Department
480,1987,7,Jr Frontend Engineer,IT Department
481,1987,4,Jr Data Analyst,Analytics Department
482,2012,12,Jr Manager,Administration Department
483,1997,5,Jr Backend Engineer,IT Department
484,2000,4,Jr Backend Engineer,IT Department
485,1997,5,Jr Backend Engineer,IT Department
486,2005,12,Jr Backend Engineer,IT Department
487,2009,7,Jr Backend Engineer,IT Department
488,2005,12,Jr Data Analyst,Analytics Department
489,1986,5,Jr Data Analyst,Analytics Department
490,2006,7,Jr Data Analyst,Analytics Department
491,2000,5,Jr Backend Engineer,IT Department
492,1994,5,Jr Data Analyst,Analytics Department
493,2004,12,Jr Backend Engineer,IT Department
494,2006,5,Jr Frontend Engineer,IT Department
495,2012,12,Jr Data Analyst,Analytics Department
496,2004,12,Jr Manager,Administration Department
497,1994,7,Jr Data Analyst,Analytics Department
498,1992,12,Jr Backend Engineer,IT Department
499,2000,5,Jr Backend Engineer,IT Department
500,1994,12,Jr Backend Engineer,IT Department
501,2012,4,Jr Frontend Engineer,IT Department
502,2008,4,Jr Manager,Administration Department
503,1992,4,Jr Frontend Engineer,IT Department
504,2005,5,Jr Backend Engineer,IT Department
505,1990,7,Jr Backend Engineer,IT Department
506,1993,4,Jr Data Analyst,Analytics Department
507,2011,5,Jr Backend Engineer,IT Department
508,2007,5,Jr Backend Engineer,IT Department
509,2003,5,Jr Data Analyst,Analytics Department
510,2015,5,Jr Backend Engineer,IT Department
511,2007,5,Jr Backend Engineer,IT Department
512,2000,4,Jr Backend Engineer,IT Department
513,2000,5,Jr Data Analyst,Analytics Department
514,1992,5,Jr Data Analyst,Analytics Department
515,2009,7,Jr Backend Engineer,IT Department
516,2008,12,Jr Backend Engineer,IT Department
517,1989,5,Jr Backend Engineer,IT Department
518,2005,12,Jr Backend Engineer,IT Department
519,1986,12,Jr Data Analyst,Analytics Department
520,1998,12,Jr Backend Engineer,IT Department
521,1994,12,Jr Manager,Administration Department
522,2008,4,Jr Data Analyst,Analytics Department
523,2011,7,Jr Data Analyst,Analytics Department
524,1997,12,Jr Data Analyst,Analytics Department
525,2006,5,Jr Frontend Engineer,IT Department
526,2003,12,Jr Data Analyst,Analytics Department
527,2016,4,Jr Data Analyst,Analytics Department
528,2002,4,Jr Manager,Administration Department
529,2001,12,Jr Backend Engineer,IT Department
530,1997,12,Jr Frontend Engineer,IT Department
531,2004,5,Jr Backend Engineer,IT Department
532,2001,5,Jr Backend Engineer,IT Department
533,2005,7,Jr Backend Engineer,IT Department
534,2014,12,Jr Data Analyst,Analytics Department
535,1998,5,Jr Data Analyst,Analytics Department
536,1996,12,Jr Data Analyst,Analytics Department
537,2011,12,Jr Frontend Engineer,IT Department
538,1987,12,Jr Data Analyst,Analytics Department
539,1995,5,Jr Data Analyst,Analytics Department
540,1992,5,Jr Backend Engineer,IT Department
541,2002,12,Jr Data Analyst,Analytics Department
542,2012,12,Jr Data Analyst,Analytics Department
543,2008,12,Jr Data Analyst,Analytics Department
544,1992,12,Jr Data Analyst,Analytics Department
545,2004,12,Jr Frontend Engineer,IT Department
546,2005,4,Jr Frontend Engineer,IT Department
547,2007,4,Jr Data Analyst,Analytics Department
548,1992,4,Jr Backend Engineer,IT Department
549,2008,12,Jr Backend Engineer,IT Department
550,2007,12,Jr Backend Engineer,IT Department
551,1991,7,Jr Data Analyst,Analytics Department
552,2014,12,Jr Frontend Engineer,IT Department
553,2013,5,Jr Data Analyst,Analytics Department
554,2010,12,Jr Backend Engineer,IT Department
555,2002,12,Jr Backend Engineer,IT Department
556,2005,12,Jr Manager,Administration Department
557,2001,5,Jr Backend Engineer,IT Department
558,2009,5,Jr Frontend Engineer,IT Department
559,2008,12,Jr Backend Engineer,IT Department
560,2000,7,Jr Backend Engineer,IT Department
561,2008,12,Jr Manager,Administration Department
562,2008,5,Jr Data Analyst,Analytics Department
563,2002,12,Jr Data Analyst,Analytics Department
564,1996,12,Jr Manager,Administration Department
565,1998,5,Jr Frontend Engineer,IT Department
566,2008,12,Jr Data Analyst,Analytics Department
567,1988,12,Jr Backend Engineer,IT Department
568,2012,12,Jr Frontend Engineer,IT Department
569,1994,5,Jr Data Analyst,Analytics Department
570,2004,4,Jr Data Analyst,Analytics Department
571,2014,7,Jr Manager,Administration Department
572,1992,12,Jr Backend Engineer,IT Department
573,1997,5,Jr Frontend Engineer,IT Department
574,2006,12,Jr Frontend Engineer,IT Department
575,2004,5,Jr Data Analyst,Analytics Department
576,1999,12,Jr Data Analyst,Analytics Department
577,1996,5,Jr Frontend Engineer,IT Department
578,2012,12,Jr Data Analyst,Analytics Department
579,1997,12,Jr Backend Engineer,IT Department
580,1987,12,Jr Frontend Engineer,IT Department
581,2000,5,Jr Frontend Engineer,IT Department
582,2001,12,Jr Data Analyst,Analytics Department
583,1997,5,Jr Backend Engineer,IT Department
584,2003,5,Jr Manager,Administration Department
585,2011,5,Jr Backend Engineer,IT Department
586,2003,5,Jr Backend Engineer,IT Department
587,1999,12,Jr Frontend Engineer,IT Department
588,2006,5,Jr Data Analyst,Analytics Department
589,1993,12,Jr Data Analyst,Analytics Department
590,1997,4,Jr Backend Engineer,IT Department
591,2001,4,Jr Backend Engineer,IT Department
592,1998,12,Jr Manager,Administration Department
593,2001,5,Jr Backend Engineer,IT Department
594,1991,5,Jr Backend Engineer,IT Department
595,2010,12,Jr Backend Engineer,IT Department
596,2014,7,Jr Data Analyst,Analytics Department
597,2005,4,Jr Backend Engineer,IT Department
598,1987,12,Jr Data Analyst,Analytics Department
599,1993,5,Jr Data Analyst,Analytics Department
600,2010,12,Jr Backend Engineer,IT Department
601,1997,5,Jr Manager,Administration Department
602,2001,12,Jr Backend Engineer,IT Department
603,1998,4,Jr Backend Engineer,IT Department
604,1991,12,Jr Data Analyst,Analytics Department
605,2011,5,Jr Backend Engineer,IT Department
606,1999,7,Jr Backend Engineer,IT Department
607,2003,7,Jr Frontend Engineer,IT Department
608,2008,12,Jr Backend Engineer,IT Department
609,1988,12,Jr Data Analyst,Analytics Department
610,1996,12,Jr Backend Engineer,IT Department
611,1997,5,Jr Backend Engineer,IT Department
612,2004,5,Jr Data Analyst,Analytics Department
613,1995,12,Jr Backend Engineer,IT Department
614,2003,4,Jr Data Analyst,Analytics Department
615,1995,12,Jr Frontend Engineer,IT Department
616,2002,5,Jr Data Analyst,Analytics Department
617,1994,12,Jr Backend Engineer,IT Department
618,2006,7,Jr Backend Engineer,IT Department
619,2002,12,Jr Frontend Engineer,IT Department
620,1999,5,Jr Frontend Engineer,IT Department
621,1999,12,Jr Data Analyst,Analytics Department
622,2015,5,Jr Manager,Administration Department
623,1992,5,Jr Data Analyst,Analytics Department
624,1993,12,Jr Backend Engineer,IT Department
625,2004,5,Jr Backend Engineer,IT Department
626,1991,5,Jr Backend Engineer,IT Department
627,2010,12,Jr Backend Engineer,IT Department
628,2012,12,Jr Data Analyst,Analytics Department
629,1995,12,Jr Backend Engineer,IT Department
630,2005,12,Jr Backend Engineer,IT Department
631,2009,12,Jr Manager,Administration Department
632,2011,12,Jr Backend Engineer,IT Department
633,2000,5,Jr Backend Engineer,IT Department
634,2002,5,Jr Backend Engineer,IT Department
635,1995,5,Jr Data Analyst,Analytics Department
636,1990,4,Jr Frontend Engineer,IT Department
637,2015,4,Jr Backend Engineer,IT Department
638,1999,4,Jr Backend Engineer,IT Department
639,2003,12,Jr Backend Engineer,IT Department
640,1998,12,Jr Backend Engineer,IT Department
641,2005,12,Jr Backend Engineer,IT Department
642,1988,12,Jr Manager,Administration Department
643,1998,7,Jr Frontend Engineer,IT Department
644,2004,5,Jr Data Analyst,Analytics Department
645,1996,5,Jr Backend Engineer,IT Department
646,2007,12,Jr Frontend Engineer,IT Department
647,2011,12,Jr Data Analyst,Analytics Department
648,2007,4,Jr Frontend Engineer,IT Department
649,1995,12,Jr Backend Engineer,IT Department
650,2007,5,Jr Data Analyst,Analytics Department
651,2004,5,Jr Data Analyst,Analytics Department
652,1998,5,Jr Backend Engineer,IT Department
653,1996,5,Jr Backend Engineer,IT Department
654,1993,12,Jr Frontend Engineer,IT Department
655,2000,5,Jr Data Analyst,Analytics Department
656,2006,4,Jr Backend Engineer,IT Department
657,2018,5,Jr Backend Engineer,IT Department
658,2013,7,Jr Backend Engineer,IT Department
659,2004,12,Jr Backend Engineer,IT Department
660,1998,12,Jr Backend Engineer,IT Department
661,1993,12,Jr Data Analyst,Analytics Department
662,2007,12,Jr Backend Engineer,IT Department
663,2006,12,Jr Manager,Administration Department
664,2010,5,Jr Backend Engineer,IT Department
665,1998,4,Jr Backend Engineer,IT Department
666,1997,5,Jr Manager,Administration Department
667,2000,5,Jr Data Analyst,Analytics Department
668,1999,12,Jr Backend Engineer,IT Department
669,1998,12,Jr Backend Engineer,IT Department
670,1995,12,Jr Frontend Engineer,IT Department
671,2001,12,Jr Data Analyst,Analytics Department
672,1990,5,Jr Backend Engineer,IT Department
673,2010,7,Jr Backend Engineer,IT Department
674,2011,12,Jr Backend Engineer,IT Department
675,1995,5,Jr Data Analyst,Analytics Department
676,1988,5,Jr Frontend Engineer,IT Department
677,1992,4,Jr Data Analyst,Analytics Department
678,2010,12,Jr Frontend Engineer,IT Department
679,1991,12,Jr Data Analyst,Analytics Department
680,1989,12,Jr Data Analyst,Analytics Department
681,2010,12,Jr Data Analyst,Analytics Department
682,2002,12,Jr Backend Engineer,IT Department
683,1989,4,Jr Backend Engineer,IT Department
684,1988,4,Jr Data Analyst,Analytics Department
685,1991,12,Jr Backend Engineer,IT Department
686,1992,5,Jr Backend Engineer,IT Department
687,2006,12,Jr Backend Engineer,IT Department
688,2011,12,Jr Backend Engineer,IT Department
689,2003,12,Jr Frontend Engineer,IT Department
690,2010,4,Jr Backend Engineer,IT Department
691,1990,5,Jr Backend Engineer,IT Department
692,1993,12,Jr Backend Engineer,IT Department
693,1989,12,Jr Data Analyst,Analytics Department
694,2000,12,Jr Frontend Engineer,IT Department
695,2012,7,Jr Data Analyst,Analytics Department
696,1991,12,Jr Backend Engineer,IT Department
697,2010,12,Jr Backend Engineer,IT Department
698,2014,12,Jr Data Analyst,Analytics Department
699,2004,5,Jr Frontend Engineer,IT Department
700,1989,7,Jr Backend Engineer,IT Department
701,1988,5,Jr Frontend Engineer,IT Department
702,1990,5,Jr Backend Engineer,IT Department
703,2001,7,Jr Frontend Engineer,IT Department
704,1993,12,Jr Manager,Administration Department
705,1990,12,Jr Data Analyst,Analytics Department
706,1991,4,Jr Backend Engineer,IT Department
707,1986,4,Jr Backend Engineer,IT Department
708,1998,7,Jr Backend Engineer,IT Department
709,1994,5,Jr Backend Engineer,IT Department
710,2014,5,Jr Manager,Administration Department
711,2005,12,Jr Data Analyst,Analytics Department
712,1990,5,Jr Backend Engineer,IT Department
713,2012,5,Jr Data Analyst,Analytics Department
714,1989,5,Jr Backend Engineer,IT Department
715,2008,5,Jr Data Analyst,Analytics Department
716,1997,4,Jr Backend Engineer,IT Department
717,1995,7,Jr Data Analyst,Analytics Department
718,2004,12,Jr Backend Engineer,IT Department
719,2001,12,Jr Frontend Engineer,IT Department
720,2007,12,Jr Backend Engineer,IT Department
721,2001,5,Jr Backend Engineer,IT Department
722,2009,12,Jr Backend Engineer,IT Department
723,2003,12,Jr Backend Engineer,IT Department
724,1994,5,Jr Manager,Administration Department
725,1991,4,Jr Backend Engineer,IT Department
726,1999,5,Jr Manager,Administration Department
727,2011,12,Jr Backend Engineer,IT Department
728,2010,12,Jr Backend Engineer,IT Department
729,2008,7,Jr Backend Engineer,IT Department
730,2009,5,Jr Frontend Engineer,IT Department
731,1990,12,Jr Backend Engineer,IT Department
732,2008,12,Jr Data Analyst,Analytics Department
733,1995,12,Jr Backend Engineer,IT Department
734,1993,12,Jr Backend Engineer,IT Department
735,2000,5,Jr Backend Engineer,IT Department
736,2014,12,Jr Frontend Engineer,IT Department
737,1988,12,Jr Backend Engineer,IT Department
738,1988,12,Jr Backend Engineer,IT Department
739,1990,12,Jr Frontend Engineer,IT Department
740,2012,12,Jr Backend Engineer,IT Department
741,2001,12,Jr Backend Engineer,IT Department
742,1995,5,Jr Backend Engineer,IT Department
743,1996,5,Jr Backend Engineer,IT Department
744,2003,12,Jr Backend Engineer,IT Department
745,2007,5,Jr Backend Engineer,IT Department
746,1988,5,Jr Data Analyst,Analytics Department
747,1990,12,Jr Backend Engineer,IT Department
748,2000,12,Jr Backend Engineer,IT Department
749,1995,12,Jr Data Analyst,Analytics Department
750,2012,5,Jr Data Analyst,Analytics Department
751,2008,12,Jr Backend Engineer,IT Department
752,2012,5,Jr Backend Engineer,IT Department
753,2004,12,Jr Backend Engineer,IT Department
754,1996,12,Jr Frontend Engineer,IT Department
755,1986,5,Jr Data Analyst,Analytics Department
756,1999,12,Jr Backend Engineer,IT Department
757,1995,4,Jr Frontend Engineer,IT Department
758,1992,5,Jr Backend Engineer,IT Department
759,2002,12,Jr Backend Engineer,IT Department
760,2006,12,Jr Data Analyst,Analytics Department
761,1998,12,Jr Backend Engineer,IT Department
762,2001,12,Jr Frontend Engineer,IT Department
763,2011,12,Jr Backend Engineer,IT Department
764,1989,12,Jr Backend Engineer,IT Department
765,2006,5,Jr Data Analyst,Analytics Department
766,1992,5,Jr Backend Engineer,IT Department
767,2010,5,Jr Backend Engineer,IT Department
768,2008,12,Jr Data Analyst,Analytics Department
769,1998,12,Jr Manager,Administration Department
770,1993,7,Jr Backend Engineer,IT Department
771,1992,12,Jr Data Analyst,Analytics Department
772,1999,5,Jr Backend Engineer,IT Department
773,2003,5,Jr Data Analyst,Analytics Department
774,2013,5,Jr Backend Engineer,IT Department
775,1994,12,Jr Backend Engineer,IT Department
776,1993,12,Jr Backend Engineer,IT Department
777,1989,12,Jr Data Analyst,Analytics Department
778,2003,4,Jr Backend Engineer,IT Department
779,2001,5,Jr Manager,Administration Department
780,2004,12,Jr Frontend Engineer,IT Department
781,2008,12,Jr Frontend Engineer,IT Department
782,2011,12,Jr Backend Engineer,IT Department
783,1995,12,Jr Backend Engineer,IT Department
784,2002,5,Jr Data Analyst,Analytics Department
785,2002,4,Jr Frontend Engineer,IT Department
786,2009,5,Jr Backend Engineer,IT Department
787,1990,12,Jr Backend Engineer,IT Department
788,1995,5,Jr Data Analyst,Analytics Department
789,1990,7,Jr Backend Engineer,IT Department
790,1992,5,Jr Data Analyst,Analytics Department
791,2007,7,Jr Backend Engineer,IT Department
792,2001,12,Jr Data Analyst,Analytics Department
793,2001,12,Jr Backend Engineer,IT Department
794,2013,12,Jr Frontend Engineer,IT Department
795,1999,12,Jr Data Analyst,Analytics Department
796,2002,7,Jr Data Analyst,Analytics Department
797,2001,12,Jr Backend Engineer,IT Department
798,2000,5,Jr Manager,Administration Department
799,1998,5,Jr Backend Engineer,IT Department
800,1989,7,Jr Backend Engineer,IT Department
801,2010,12,Jr Data Analyst,Analytics Department
802,2003,12,Jr Data Analyst,Analytics Department
803,1996,12,Jr Manager,Administration Department
804,1994,4,Jr Backend Engineer,IT Department
805,1993,7,Jr Frontend Engineer,IT Department
806,1988,5,Jr Backend Engineer,IT Department
807,1988,4,Jr Data Analyst,Analytics Department
808,1988,5,Jr Data Analyst,Analytics Department
809,2012,12,Jr Frontend Engineer,IT Department
810,1996,4,Jr Data Analyst,Analytics Department
811,2007,12,Jr Backend Engineer,IT Department
812,1996,12,Jr Backend Engineer,IT Department
813,2007,12,Jr Data Analyst,Analytics Department
814,2014,4,Jr Backend Engineer,IT Department
815,2002,12,Jr Manager,Administration Department
816,2015,4,Jr Backend Engineer,IT Department
817,2003,12,Jr Frontend Engineer,IT Department
818,1993,12,Jr Data Analyst,Analytics Department
819,2003,4,Jr Backend Engineer,IT Department
820,1993,7,Jr Backend Engineer,IT Department
821,1998,5,Jr Manager,Administration Department
822,1990,12,Jr Frontend Engineer,IT Department
823,1998,12,Jr Frontend Engineer,IT Department
824,1991,5,Jr Backend Engineer,IT Department
825,2012,12,Jr Backend Engineer,IT Department
826,2014,4,Jr Backend Engineer,IT Department
827,2010,5,Jr Data Analyst,Analytics Department
828,2014,5,Jr Data Analyst,Analytics Department
829,2002,12,Jr Manager,Administration Department
830,2001,4,Jr Backend Engineer,IT Department
831,2005,5,Jr Backend Engineer,IT Department
832,2003,12,Jr Data Analyst,Analytics Department
833,1997,12,Jr Data Analyst,Analytics Department
834,1997,5,Jr Backend Engineer,IT Department
835,2008,12,Jr Manager,Administration Department
836,2007,12,Jr Backend Engineer,IT Department
837,2015,12,Jr Backend Engineer,IT Department
838,1996,12,Jr Manager,Administration Department
839,2012,5,Jr Backend Engineer,IT Department
840,2016,4,Jr Backend Engineer,IT Department
841,2015,12,Jr Backend Engineer,IT Department
842,2010,5,Jr Data Analyst,Analytics Department
843,2000,12,Jr Data Analyst,Analytics Department
844,2003,12,Jr Backend Engineer,IT Department
845,2011,5,Jr Data Analyst,Analytics Department
846,1998,7,Jr Frontend Engineer,IT Department
847,2009,5,Jr Frontend Engineer,IT Department
848,2005,7,Jr Data Analyst,Analytics Department
849,1993,12,Jr Backend Engineer,IT Department
850,1999,12,Jr Data Analyst,Analytics Department
851,2010,12,Jr Backend Engineer,IT Department
852,2002,12,Jr Frontend Engineer,IT Department
853,1991,12,Jr Backend Engineer,IT Department
854,2014,7,Jr Backend Engineer,IT Department
855,2003,7,Jr Data Analyst,Analytics Department
856,1996,12,Jr Data Analyst,Analytics Department
857,1996,7,Jr Backend Engineer,IT Department
858,1986,4,Jr Backend Engineer,IT Department
859,1996,12,Jr Data Analyst,Analytics Department
860,2005,5,Jr Backend Engineer,IT Department
861,2010,5,Jr Frontend Engineer,IT Department
862,1990,5,Jr Manager,Administration Department
863,1988,5,Jr Backend Engineer,IT Department
864,1993,5,Jr Backend Engineer,IT Department
865,1992,5,Jr Backend Engineer,IT Department
866,2004,12,Jr Backend Engineer,IT Department
867,1993,12,Jr Backend Engineer,IT Department
868,2003,12,Jr Backend Engineer,IT Department
869,1991,5,Jr Backend Engineer,IT Department
870,1999,12,Jr Data Analyst,Analytics Department
871,2006,5,Jr Frontend Engineer,IT Department
872,1994,12,Jr Backend Engineer,IT Department
873,1994,12,Jr Backend Engineer,IT Department
874,1995,12,Jr Data Analyst,Analytics Department
875,2011,12,Jr Data Analyst,Analytics Department
876,1996,12,Jr Frontend Engineer,IT Department
877,2000,12,Jr Backend Engineer,IT Department
878,2008,5,Jr Manager,Administration Department
879,2007,12,Jr Backend Engineer,IT Department
880,1990,4,Jr Data Analyst,Analytics Department
881,1995,5,Jr Data Analyst,Analytics Department
882,2008,5,Jr Backend Engineer,IT Department
883,2009,4,Jr Data Analyst,Analytics Department
884,1997,5,Jr Backend Engineer,IT Department
885,1999,5,Jr Frontend Engineer,IT Department
886,1987,5,Jr Backend Engineer,IT Department
887,1987,12,Jr Backend Engineer,IT Department
888,1986,5,Jr Manager,Administration Department
889,1987,12,Jr Data Analyst,Analytics Department
890,1991,5,Jr Data Analyst,Analytics Department
891,2007,12,Jr Backend Engineer,IT Department
892,2013,12,Jr Data Analyst,Analytics Department
893,2003,5,Jr Data Analyst,Analytics Department
894,2013,5,Jr Manager,Administration Department
895,2006,12,Jr Backend Engineer,IT Department
896,1993,12,Jr Manager,Administration Department
897,2005,12,Jr Backend Engineer,IT Department
898,2006,5,Jr Data Analyst,Analytics Department
899,1996,4,Jr Backend Engineer,IT Department
900,2003,5,Jr Data Analyst,Analytics Department
901,2006,12,Jr Backend Engineer,IT Department
902,2010,12,Jr Data Analyst,Analytics Department
903,1986,12,Jr Data Analyst,Analytics Department
904,1987,12,Jr Backend Engineer,IT Department
905,2003,5,Jr Data Analyst,Analytics Department
906,2006,12,Jr Backend Engineer,IT Department
907,2015,4,Jr Data Analyst,Analytics Department
908,2000,4,Jr Data Analyst,Analytics Department
909,1993,5,Jr Data Analyst,Analytics Department
910,1999,12,Jr Backend Engineer,IT Department
911,1991,12,Jr Backend Engineer,IT Department
912,1990,5,Jr Data Analyst,Analytics Department
913,2005,12,Jr Backend Engineer,IT Department
914,1993,5,Jr Backend Engineer,IT Department
915,1987,12,Jr Data Analyst,Analytics Department
916,2018,12,Jr Data Analyst,Analytics Department
917,1993,5,Jr Frontend Engineer,IT Department
918,1992,7,Jr Backend Engineer,IT Department
919,2000,12,Jr Backend Engineer,IT Department
920,1989,12,Jr Data Analyst,Analytics Department
921,1997,12,Jr Backend Engineer,IT Department
922,1995,7,Jr Manager,Administration Department
923,1993,7,Jr Frontend Engineer,IT Department
924,1999,12,Jr Backend Engineer,IT Department
925,2004,5,Jr Backend Engineer,IT Department
926,2009,5,Jr Backend Engineer,IT Department
927,2006,12,Jr Backend Engineer,IT Department
928,2003,7,Jr Backend Engineer,IT Department
929,1994,12,Jr Backend Engineer,IT Department
930,1996,12,Jr Backend Engineer,IT Department
931,1993,5,Jr Frontend Engineer,IT Department
932,2002,12,Jr Backend Engineer,IT Department
933,1999,5,Jr Backend Engineer,IT Department
934,2011,12,Jr Data Analyst,Analytics Department
935,2001,12,Jr Backend Engineer,IT Department
936,2002,12,Jr Backend Engineer,IT Department
937,2018,12,Jr Backend Engineer,IT Department
938,2008,12,Jr Backend Engineer,IT Department
939,2010,5,Jr Data Analyst,Analytics Department
940,1990,12,Jr Manager,Administration Department
941,2006,5,Jr Backend Engineer,IT Department
942,2004,12,Jr Data Analyst,Analytics Department
943,2001,12,Jr Manager,Administration Department
944,2002,12,Jr Manager,Administration Department
945,2003,4,Jr Data Analyst,Analytics Department
946,2006,12,Jr Data Analyst,Analytics Department
947,2008,5,Jr Data Analyst,Analytics Department
948,1998,12,Jr Data Analyst,Analytics Department
949,2006,5,Jr Backend Engineer,IT Department
950,2012,12,Jr Data Analyst,Analytics Department
951,1994,7,Jr Frontend Engineer,IT Department
952,2008,12,Jr Data Analyst,Analytics Department
953,2004,12,Jr Frontend Engineer,IT Department
954,1988,4,Jr Data Analyst,Analytics Department
955,2001,4,Jr Backend Engineer,IT Department
956,2013,12,Jr Backend Engineer,IT Department
957,2014,5,Jr Data Analyst,Analytics Department
958,1998,12,Jr Frontend Engineer,IT Department
959,1997,12,Jr Data Analyst,Analytics Department
960,1990,12,Jr Data Analyst,Analytics Department
961,1999,5,Jr Data Analyst,Analytics Department
962,1991,12,Jr Data Analyst,Analytics Department
963,1992,4,Jr Backend Engineer,IT Department
964,1999,12,Jr Backend Engineer,IT Department
965,1995,4,Jr Manager,Administration Department
966,2004,7,Jr Backend Engineer,IT Department
967,2011,5,Jr Backend Engineer,IT Department
968,1997,12,Jr Backend Engineer,IT Department
969,1989,12,Jr Frontend Engineer,IT Department
970,1994,5,Jr Backend Engineer,IT Department
971,1989,12,Jr Frontend Engineer,IT Department
972,2007,12,Jr Backend Engineer,IT Department
973,2001,5,Jr Backend Engineer,IT Department
974,1993,5,Jr Data Analyst,Analytics Department
975,2000,12,Jr Data Analyst,Analytics Department
976,2015,7,Jr Data Analyst,Analytics Department
977,1991,5,Jr Backend Engineer,IT Department
978,1988,4,Jr Data Analyst,Analytics Department
979,2002,4,Jr Backend Engineer,IT Department
980,1991,12,Jr Manager,Administration Department
981,2007,12,Jr Frontend Engineer,IT Department
982,1996,5,Jr Backend Engineer,IT Department
983,2004,12,Jr Manager,Administration Department
984,1998,12,Jr Frontend Engineer,IT Department
985,1993,12,Jr Manager,Administration Department
986,1996,12,Jr Data Analyst,Analytics Department
987,1988,12,Jr Data Analyst,Analytics Department
988,2010,5,Jr Data Analyst,Analytics Department
989,1993,5,Jr Backend Engineer,IT Department
990,2011,12,Jr Backend Engineer,IT Department
991,1988,5,Jr Manager,Administration Department
992,1998,12,Jr Backend Engineer,IT Department
993,1993,7,Jr Backend Engineer,IT Department
994,2000,5,Jr Backend Engineer,IT Department
995,2006,5,Jr Manager,Administration Department
996,2002,12,Jr Backend Engineer,IT Department
997,2008,12,Jr Backend Engineer,IT Department
998,1993,12,Jr Frontend Engineer,IT Department
999,2002,12,Jr Data Analyst,Analytics Department
1000,2011,12,Jr Backend Engineer,IT Department
